participantId,experimentId,strategy1,strategy2,strategy3,strategy4,strategy5,strategy6,strategy7,strategy8,strategy9,strategy10,newStrategyConfidence,implementationLikelihood,thinkingChange,completedAt
5537b204fdf99b51eefed679,5KDdz1P54XXss53O8N2e,Prepared notes.,Prepared and distributed an agenda.,Took minutes.,Keep time of meeting to a minimum,,,,,,,5,5,2,2025-12-22T11:02:41.412Z
5648e4bf20453f0012c5ad3a,JLMJnVsaQtUelZo1V6cr,People had time in their calendars,People were sent the invite well ahead of time,People had an agenda,Clear timetabling was set,Accompanying documents were shared with the invite ,Otter.ai was used to record then document the meeting to share later,"Relevant people - I thought that was a given anyway, but will include it.",,,,6,6,3,2025-12-23T12:05:46.237Z
5752e09ecd7e970007bd76df,o6sKo0BAvvbbc4VFMDbo,Organisation,Time Keeping,Being clear on purpose ,Sharing an agenda prior to the meeting ,Offer a pre-reading or briefing so everyone is aware of the topics ,Invite key people only to the meeting,,,,,5,5,4,2025-12-22T11:13:33.674Z
5805db219ff6120001a135a2,xWKQl56xQiefk0Xxt7V6,Set an agenda,Consider carefully who should be invited,make sure it starts on time,encourage interactions from all members,send out minutes with clear action points,,,,,,5,5,5,2025-12-23T09:40:04.053Z
594dd3de0dd7710001aeb5e9,LpG8YZGE1WWLWQEeosfW,listed the order I would conduct the meeting,Ensured it was set for a time that everyone could attend,had my manager sit in as I had just became Team Leader so he could prompt me if I needed it,,,,,,,,6,3,4,2025-12-23T12:04:57.142Z
59b15324e79873000148879d,nTab7jOzRHjolAQjq9h7,positive attitude ,plan ahead and involve everybody ,,,,,,,,,7,4,5,2025-12-22T22:16:25.633Z
59dbd41ac0d35a0001294aa0,jCBKV3EamMMO3Czt2vWS,Inviting the right people,Setting a timed agenda,Sticking to the agenda and not allowing deviations,Following up with notes ,Using technology like AI notetaking to capture actions,Survey attendees or ask for feedback on recurring meetings,,,,,5,6,4,2025-12-22T14:23:11.182Z
5a068d5b074b190001251791,Wv5EruGYDP0p9jtKO33l,There was a call for agenda items before the meeting happened.,I spoke with the different groups of people to ensure that everyone who was needed could make it,I took notes for the meeting,I asked individual people for their input,Send out the notes/minutes from the meeting,Ask for feedback,,,,,6,6,2,2025-12-19T19:26:07.586Z
5a7f22ec0f1bce000121ef95,GGrIPEYz74MBx1bbEWXt,Suitable space,Documentation & minutes,Comfortable heat,Drinks,Attendees have a list of all thats going to be discussed and voted on,Ensure only those relevant to the meeting & discussions attend,Ensure the agenda is adhered too,Ensure the minutes are distributed shortly afterwards,,,6,7,5,2025-12-22T09:48:28.785Z
5ade558c066c510001d43615,1odnJgCRuwmc886z6Jva,Better agenda,Stick to timings,Is the meeting worth it,Is there an objective to the meeting,Will we get a clear action plan ,,,,,,6,5,6,2025-12-22T08:17:04.213Z
5aeb5c9f0f8859000190a19b,wQFIEdjp0lIUQ2f8DRcH,pomodoro,multiple speakers,mix of interactive and listening tasks,carefully selecting meeting attendees,,,,,,,7,7,6,2025-12-22T12:30:11.385Z
5b490bd59afec90001009679,csTlf2981LtcpzE2heGv,Making an agenda,Sharing the agenda prior to the meeting,Asking for any other business to be shared prior to the meeting,,,,,,,,2,2,4,2025-12-23T07:37:27.962Z
5ba937d53c7a050001992e80,irynvOnl02CL1jqbROjF,Planning the meeting agenda,Communicating the purpose of the meeting to attendees ahead of time,"Be clear about the expected attendance, punctuality and length of meeting",Ensure that minutes and follow-up is sent out promptly after the meeting,,,,,,,6,6,5,2025-12-22T10:36:58.044Z
5be742dd0e366e000175c8ba,71Zltxc5R2hi5iLHJlCe,Ensured I covered all of the topics in great detail,Kept it simple and to the point,encouraged questions to be asked at the end of the meeting,Ensure I only invite the people I need to,Consider the cost of meetings before I hold them,Think about the broader implications for the company when the meeting is being held,,,,,5,5,4,2025-12-22T18:16:37.947Z
5bffcca24f73310001c5597a,kEfUmFTlshuKekkytl9k,Wrote an agenda,Emailed those attending to add anything to the agenda,Booked a meeting room,Sent out invites to attendees,Printed any notes needed for the meeting,Mentally prepared for what I was going to say and how to deliver it,Unsure meeting is necessary,Only invite attendees who need to be there,Unsure everyone is heard,Stop an cycles of complaining by encouraging solution focused conversation,7,7,5,2025-12-23T11:19:34.817Z
5c4277ac1242910001bdbf1a,E6q3NXOWu8Pi6ThLaA8U,Clear agenda,Clear goals,Clear timetable that is followed,,,,,,,,4,6,4,2025-12-19T23:05:38.407Z
5c509487172b6c0001779b34,7PzgmGQT1E6rL3cSujpR,Collaboration,Note taking,Time keeping,,,,,,,,6,5,7,2025-12-22T12:41:38.870Z
5c86d5a58085800016135bd2,S7zaq6LMWGcLOfiTdxYa,Clear agenda,Ensure only relevant people attend,Send a follow up email with actions,,,,,,,,6,5,5,2025-12-22T14:26:27.002Z
5ca62a239ffcce0001036b6b,fgtNvJcdmFDcy2mXVxJS,Used a hybrid model whereby invitees could dial in online or attend a room to attend the meeting,Turned on auto-captions to help those with hearing difficulties,Ensured minutes were sent to attendees,Send around a solid agenda prior to the meeting,Ensure there is a designated timekeeper to ensure each agenda item only runs for the set amount of time,Scrutinise the list of attendees to ensure only the most relevant people are asked to join the meeting ,Ensure action points at the end of the meeting are communicated effectively,,,,7,7,6,2025-12-22T12:12:48.156Z
5cd4ad19f014930017d35d6a,h1ujA85ksEDNldOgpihQ,Pre-Meeting Prep (Agenda),Start/end on time. Use action questions. Assign timekeeper/notetaker.,Log decisions/owners/deadlines in shared tool. Email summary.,,,,,,,,7,7,7,2025-12-22T11:00:01.026Z
5cdd11ab4ea13d0001a5c036,Zf4gbNKA4bWgvFtVcino,Teamwork,Collaboration ,Listening,Consideration of using technology,,,,,,,4,4,5,2025-12-22T16:01:16.617Z
5cde02d000d670000184ea3b,xkB7yNDPV8izBOyVepVK,Creating an agenda,Sharing an agenda,Keeping reportbacks' detail to only that relevant to all parties,Designating a notetaker,Referring to past meeting notes,Keeping it brief,Actively facilitating,,,,6,7,5,2025-12-20T22:53:31.668Z
5d09edb73d40080001655677,YEkRsyRuKQYfcAMN1YEZ,Visual facilitation,Engagement with all participants,Picked a time of day free from distraction,Set a clear agenda with defined roles,Did some of the work ahead of the meeting,,,,,,5,5,3,2025-12-22T15:31:20.196Z
5d67ed161976cc0019cc8a10,Ih7tdA6qZrd7T4M6YP6k,publicise timely agenda and calendar invites. online minutes and actions,in persn and Teams,Strict time constraints,consider who really needs to attend,,,,,,,6,5,6,2025-12-22T08:47:13.316Z
5d94ce7b72b4550016906484,dDdGEGVKBtdWookJEkg8,created agenda that everyone could contribute to and read ahead to ensure the meeting ran efficiently,ensure meeting runs on time,ensure follow up takes place via minutes & actions,ensure positive discussion that is relevant to all,,,,,,,6,6,5,2025-12-22T09:33:38.041Z
5d9b7c7efaa2860364b16476,NpggUHSCfGD0L17YoCDF,I provide all necessary information to all the member of the meeting. It helps all of us to get  an idea about the meeting and the purpose of the meeting. ,,,,,,,,,,7,4,6,2025-12-19T20:48:20.695Z
5d9cb58ee8783f0019c8bd06,FBf7zX7qdgQVYScqFw5A,I would set a clear agenda ,i would critically assess whether a meeting is necessary,"I would be more selective about who is invited, which would  ensuring only relevant participants attend",i would share a clear agenda in advance with specific achievable goals,"I would encourage positive interaction, participation and constructive dialogue","I would encourage clearly document decisions, action items and responsibilities after the meeting",I would collect feedbacks afterward to improve future meetings,,,,7,7,7,2025-12-19T23:25:02.044Z
5da78f61a60c0d0017d6ed89,foGpA2pxSBu3daJJxMfx,Listed everything relavant that I wanted to discuss to make thing easy to follow,Created a power point presentation,,,,,,,,,4,4,4,2025-12-22T22:04:58.645Z
5dcf14459595a105c52cd304,eEgicFZryM2qwheeB8eS,Planning,Organising,Liaising with parents,Using technology,Sending documents in advance,Send out an agenda and timings in advance ,"Reflect and send out information after the meeting, seeking feedback",Stress punctuality,,,7,5,6,2025-12-22T10:10:39.925Z
5dd9a7ff98981d926df9ea18,ojTh9UyW1Th8mezo0FCS,Active Engagement,Consider preparing for meetings / providing agendas,"Before, During, After",Clarify Action Plans,,,,,,,6,7,6,2025-12-22T06:34:15.018Z
5e1f06e67a9ded238481246e,kzOTLQe4Yc3fqXTmNWWO,Set a clear agenda,Set 3 achievable objectives,Started and ended on time,Sent follow up notes and actions,Celebrate small wins and boost positivity,,,,,,4,4,3,2025-12-23T11:58:45.284Z
5e299d8c2e9dc4000be0fde0,XL4wVgjnJj7j6UKbTmba,Took Notes,Set an agenda,Ensure only those neccesary to attend were invited,,,,,,,,6,7,5,2025-12-22T12:58:59.634Z
5e3c29ac4c3831000c5bdb68,mg8QWlX06oYDKZNeRoeN,Focus,Agenda,Time,,,,,,,,7,7,6,2025-12-23T11:37:43.013Z
5e6155e6f169c0046b6d6518,ew0Oi3X4BB6UNYa4GUKE,Made a plan,Rehearsed my talking points,"Distributed materials (e.g., list of discussion topics) before the meeting ",Considered whether the meeting was need,Considered who really needed to attend,Focused on reducing complaining (keep things positive) ,Distribute a meeting summary ,,,,6,7,5,2025-12-21T15:14:45.600Z
5e64da5ac34e832466061bf8,GdJwiwyTaSBT2HItDAPp,Active Listening,Come with a plan,Leave with a plan,,,,,,,,6,6,6,2025-12-22T12:47:26.818Z
5e6e6497d33339419afd90f9,oeqjHjqWfisY0QbOLLJr,more interaction using technology,stick to agenda more,stop negativity,clear agenda,,,,,,,7,7,7,2025-12-22T10:47:55.473Z
5e7ca836a60b642ec70880b1,O1vwITchcMOre9N357JN,Discussing objectives beforehand,Sending out the meeting plan beforehands,Take minutes,Send out action items ,Get meeting feedback,Discourage complaining,Stick to objectives,Online invite people who are necessary,,,6,7,6,2025-12-22T20:18:41.283Z
5e7dd5b90923ad0009f80bbc,e8GmJ0XvFC9gwL9pJiQ0,Group brain storm,Provide an agenda,Carefully select relevant attendees,,,,,,,,7,7,7,2025-12-22T12:06:44.105Z
5e8307bae3b23d01d2259e4c,QgJYPhvOEOMISCOj5dIJ,i dont lead meetings not in my role,,,,,,,,,,5,2,5,2025-12-22T07:15:36.914Z
5e83425144753905a3a17ad8,S0RsN8X0DUDMEDyIhgQU,Open discussion to bring up any missing points,Inventory count for year end requirements,Availability of staff for the count,Last production dates,Last delivery to customer dates,Determine the correct personnel for the meeting only,,,,,6,6,6,2025-12-22T10:55:51.011Z
5e999a581e025f1cfd5e7090,ZcGlYrnGNXwVDg4CGitT,pre planning,ai follow up notes from recording meeting,only having meetings if necessary ,sending out an agenda,,,,,,,6,6,5,2025-12-22T13:08:03.842Z
5ea9cc9195f36c126a27d0a7,X5JJzlgugqu87nJAyj34,Encourage participation from colleagues,Used powerpoint deck that was shared,Sent agenda beforehand,Only invited people who needed to be there,,,,,,,6,6,5,2025-12-22T09:14:32.132Z
5eb7c006b839846ea7a24178,ASH0R0O6bfOtJuGTcX0n,Solicited input from team members,Composed a draft agenda,Got feedback on my draft agenda,Incorporated feedback,Finalized agenda,,,,,,4,4,4,2025-12-20T12:52:11.373Z
5f0e1fecdc728111e1f7d093,Dd13CgWILpfxSs7fhRUU,Gathering the right relevant employees that will listen and input relevant information and are responsible for delegating tasks,Wrote down the overall aim of the tasks at hand before the meeting and sharing them before as part of the agenda. During the meeting I would expand on these.,Wrote down the issues or problems we might encounter and sharing them before the meeting as part of the agenda. Then expanding on them during the meeting.,Let people know that if they have issues that they cannot rectify themselves to contact me,Ask for questions,Distribute meeting notes to those attending and not attending,Ask for meeting feedback and let employees know that any and all feedback would be greatly appreciated,,,,6,7,7,2025-12-22T02:44:21.108Z
5f42a27e49962e4a7045a7b0,P2BIsTYbNf5vbwlbjL57,Technology ,Questions,Facts,Scenario's ,Importance ,,,,,,6,6,6,2025-12-22T17:01:53.944Z
5f4ae7cb6b68b56c2acb12c8,156ITSNqPsuY5IfL2Zbo,Set a time limit,Organize agenda,define purpose of the meeting,keep on track with purpose and bookmark side discussions for later,"ensure meetings are regular, as needed, to avoid marathons","provide a meeting summary post-meeting including decisions, action steps, and assignments",provide meeting agenda in advance to attendees,,,,6,7,3,2025-12-19T19:24:51.356Z
5f6e76757befe43b22307387,u70agQP99KnkPaoXG1qq,Set an agenda,Kept everyone to the agenda,Provided minutes,Assigned tasks from meeting,Encouraged participation,Limited attendees to relevant staff,,,,,6,6,5,2025-12-22T23:15:29.410Z
5f95e7c5e49c564a01f040aa,y32v6LefUczxAxklLE6I,Ensure that the meeting involves active things,repeating the statements back to ensure they were heard correctly,Creating a clear agenda,Redirecting when things go awry,Make sure we NEED a meeting,Actively facilitate,Follow up with at thorough overview,,,,7,7,5,2025-12-20T02:23:41.024Z
5ff454f2f0b5ed607169fba6,ZXLJBbZzYuR2Oi9BJy1u,Prepared the presentation days ahead,Structure the meeting,Stick to time,Start and end the meeting on time,Ensure the meeting in necessary,Send out the agenda to the attendee ahead of time,,,,,7,7,7,2025-12-22T05:34:22.515Z
601ac0440ae554365a73246b,kId0faSYfh5slBl0AKmj,Set a clear agenda in advance and shared it with attendees,Defined the purpose and desired outcomes at the start of the meeting,Encouraged input from quieter participants to balance discussion,Summarised key decisions and actions before moving on,Clearly assigned actions with owners and deadlines at the end,Redirected off-topic conversations back to the agenda,Invited only relevant stakeholders to keep the group focused,,,,5,5,5,2025-12-22T11:43:40.473Z
60673bc6496cefa66a61e737,RFahYgKlNHbvtaFtHVTs,Plan ahead key points,If demonstration is needed - do a dummy run through before meeting,Ensure you've researched any methods or strategies needed to pass on to colleagues,,,,,,,,2,3,1,2025-12-22T11:24:23.076Z
60c75879fdf6194f658272fb,qweek1z4Gu2iADeA5hv4,prepared with materials,facilitate discussion,summarize key points,have an agenda of topics,,,,,,,5,5,5,2025-12-21T22:53:39.836Z
60d4558116de644bde568dde,vTCrmhwefckTiCdKvtio,Being up front and honest ,Made sure everyone knew beforehand and asked them to bring notes about what they wanted to discuss,Kept it light so everyone felt comfortable to speak up ,Be flexible on the length of the meeting. ,,,,,,,6,6,5,2025-12-22T12:59:21.220Z
60d52a5dca16f851ab8b9b82,67hH5FJTOIvt2xZHtxYM,Team Involvement,"There's no ""I"" in ""team""",Incentives,,,,,,,,4,4,3,2025-12-21T09:17:18.414Z
60e308bd29d04d6d790aa1ad,kDgqQJ4MDV4y1ZTUKWiC,Set a clear agenda,Prepared relevant content,Encouraged group feedback ,Ensure meeting starts on time,Ensure everyone gets something out of it,,,,,,6,6,5,2025-12-22T03:31:27.088Z
6102053795bd9b55ab979a48,WnEvPvpbBJWCZgHpuuuy,agenda notes,keynotes for different speakers,making information concise,creating an action items section,,,,,,,5,5,3,2025-12-20T09:31:34.432Z
612198f856c9f4f2f02f7046,y2zrjoUagyQO9jEe8n51,Fun interactive brain storming,,,,,,,,,,4,4,2,2025-12-22T20:09:10.318Z
6127b32b912465823dca1e4b,vz0aPGGhYKUPyQpfooeV,Group meeting with an emphasis on praising annual performance and boosting moral. I was determined to highlight some of the times in the year our team had went beyond the norm. ,We already do most of what is in the paper,,,,,,,,,1,1,2,2025-12-22T16:21:28.922Z
613c927a3da2129cd285ef58,MQVax2V9muMfzH4Tg8SC,I set a clear agenda and shared it in advance ,Encouraged active participation,Summarized key decisions and action items,,,,,,,,6,6,5,2025-12-22T18:28:57.634Z
614a0facaa13498cff401c41,Oj47qnEa4iAXshwTn3RM,Used an agenda,Prepared slides for the talking points,Planned time for questions,,,,,,,,4,4,3,2025-12-23T12:03:26.643Z
614f7550e1d2a29137820173,dry6JzxvzpEqrjbnnGdK,Questions,Presentations,,,,,,,,,1,1,2,2025-12-21T08:59:14.771Z
61680035775d6be6c3034464,ncf6ilL8CQKsJLeZMTFz,Hands up for questions (online),Checking in with each person for AOB,Have a set agenda,Make sure the right people are invited,Send out action points after,Ask for feedback following the meeting,,,,,7,7,7,2025-12-22T08:34:11.430Z
61684f48083b66cd4a37dfbb,zk0nOaly2dhW3rDDpsw5,Clear agenda sent out prior to the meeting,Prepared slides to ensure engagement and efficiency ,Ensure correct employees are attending,Remove information that can be sent in an email,,,,,,,7,7,6,2025-12-22T16:53:15.213Z
62a2042e8813ab2f55d8ecf9,PfC33ZKbVQyZDbOQepeh,pre-planned notes,clear communication,planned agenda,follow up evaluation,,,,,,,5,6,5,2025-12-23T09:40:47.822Z
62b354926116305375200028,6UYVTtPZqDH6AP8RNSuY,Staying silent,,,,,,,,,,2,2,2,2025-12-23T05:39:56.242Z
62b437a2dbff0b6b3d0121e4,jpEcNpSm8ZAdmS989pQN,Having a clear objective and agenda,Only inviting necessary staff,Sharing agendas prior to meeting,sending out meeting report and actions,,,,,,,6,6,5,2025-12-22T09:02:43.675Z
62da6a553aaca6fffb50307f,mHnkYhaXr6bBMqvmRGcQ,set a clear purpose and agenda,"managed time, make sure meetings are not too long",prepare before meeting,clear communication,follow up meetings/feedback,videoconferences ,avoid pointless meetings,,,,6,6,6,2025-12-22T14:41:55.730Z
62e2f4973427f0ab91180361,hMzsckNLTyWW1fQrjXRG,Visual - powerpoint,Well planned - presentation,Making sure it's necessary,Only inviting those to who it will add value,,,,,,,6,7,5,2025-12-22T08:13:21.446Z
6318e2c61780455450fe4199,BNv5foLXnGjmF5uYKaGW,I displayed a spreadsheet on the screen.,Distribute meeting agenda in advance,Choose who should attend,Keep it on time,Allow humour but not divergences,,,,,,6,6,6,2025-12-22T22:43:41.374Z
6328ea8c44e1e6f7180facd3,9BZpW6VaVHF93eG70y7E,in-group sharing of information,Creating a livelier atmosphere before the main topic of discussion,Helping my co-workers.,invoking humour to normalize the atmosphere,using surveys to gather data afterwards,,,,,,4,5,4,2025-12-22T02:40:11.936Z
634d7fd5face88069f7ff6ff,HHz8obSjzbypCTIQVl5J,each department takes a turn,we discuss current plan for the week,any pre medicated issues,recap,,,,,,,4,4,3,2025-12-22T13:48:36.104Z
6384fc5695a4edef691103c0,NhuzFczfMTaBt66x6OnX,Recap of actions since previous meeting,Early outline of meeting content,Open discussions and opportunity to include items not on the agenda,Summary and action point clarification,Have sent an agenda and associated papers well in advance of the meeting,Follow up to the meeting with a reminder of action points and summary of decisions made,,,,,5,6,4,2025-12-22T07:26:26.536Z
63cedf5f87024f8b1ad1023f,b7OQw9HRrSwTFOsqKfpc,Clear purpose,Agenda ,Only invite essential people ,,,,,,,,4,2,4,2025-12-22T14:47:03.519Z
63cfefc43323e05d2a6f554b,Q6xKfZPf86n53gCl66NO,concise information ,speaking clearly ,minutes and actions to follow meetings ,keep length and frequency to a minimum ,,,,,,,5,4,5,2025-12-22T21:21:46.822Z
63d023f75eaafe675b6fa5fd,mYlzaViboWqSYi3CP0Xw,Confirm the meeting is truly necessary,Invite only essential participants,"Send a structured, purpose driven agenda in advance",Set clear norms at the start,Actively facilitate interaction and prevent negativity spirals,Document decisions and action items during the meeting,Send minutes immediately afterwards,Gather feedback to improve future meetings,,,7,7,7,2025-12-20T06:13:02.680Z
63d1b1192b2b6d76dae50c06,axya34s1FGIXez3ctZNI,Having an agenda in advance,Knowing about the meeting in advance,,,,,,,,,5,5,5,2025-12-22T16:51:41.289Z
63d2d8388a367c258ca82590,vpzQL2hC3ErSmTUaK24q,Appropriate time for attendees,Made Teams an option for remote workers,Agenda,Specified times for each item and kept  to them,Try to head off negativity before it gets a chance to take a hold,,,,,,6,6,5,2025-12-22T20:28:22.984Z
63d3fd5916541b5031bd4a3f,OMkeCIiMn7SXdm6J1crH,Ensure we started on time and that there was an agenda,Allowing people to talk and facilitating,Ensure only those required are in attendance,Ask attendees to minimise use of tech during the meeting if there for purpose of multitasking,,,,,,,6,6,3,2025-12-22T14:29:44.836Z
63efe25e481b721d4bcd9639,1nvkf83KHLzjAgNl48r4,Ensures there was an agenda,Prepared the content,Ensures other contributors were briefed,,,,,,,,5,5,3,2025-12-23T12:56:10.190Z
63fc7ac4c0ba10b71a25a63d,J4GbA94CHaaWdcQ0NXaS,Produced an itinerary,Compiled relevant documentation prior to meeting and sent to all individuals,,,,,,,,,4,3,2,2025-12-22T07:53:33.025Z
64012ee6e3f2e59aaa36f718,pASsyWL7BeU8d2LHylSm,set goals,encourage participation,,,,,,,,,5,5,6,2025-12-19T20:06:41.648Z
640349ae900739316aca0f9f,EN5BvdroxpPwpTiEm7rh,Ensured beforehand that the entire team was able to attend.,Circulated agenda in advance,Ensured the most urgent items were at the top of the agenda,"Requested items for the ""AOB"" item at the bottom of the agenda",Arranged a minute-taker in advance,Ensured some light-heartedness during the meeting,Deflecting negativity and complaining in a constructive and respectful way,,,,6,7,6,2025-12-22T13:00:24.728Z
644695d12dd99a1712dd84c0,RKN3czQkvNUU5ttarWYh,Having an agenda,Allowing contributions from others,Having adequate breaks,Making sure attendees understood why we were meeting,,,,,,,4,6,2,2025-12-19T22:27:30.248Z
64481bca476d6bfbae2066e2,f1OPhn14k8F7rGD1L8mJ,assigned roles,	Carefully select only relevant attendees (to boost engagement and job satisfaction).,	Summarize decisions and send minutes promptly (to clarify responsibilities and ensure follow-through),	Use humor constructively during the meeting (to stimulate positive team behaviors) ,Share agenda and objectives in advance (to set clear expectations),,,,,,7,7,7,2025-12-22T07:29:56.478Z
651d623cbdcb675cb801bc79,x5sYIrMm9w1ys3Jchr1i,Created an agenda,Encouraged participation,Recorded the meeting and send the recording to attendees,,,,,,,,7,7,2,2025-12-20T23:41:11.849Z
65216075939674db7a47e7d0,Yfw8NCvirVvm32ZHzZiJ,Give purpose of meeting / overview,Provide status of relevant projects or task on hand,Facilitate discussion,,,,,,,,4,4,5,2025-12-21T03:14:05.294Z
653927811b00d4a0036cb7ab,3EZ8IRrVZzpDroqLAJlG,structured scheduling ,allocating a set time to all participants ,effective note-taking and data updating ,agreement on tangible and actionable individual tasks and actions ,conduct occasional surveys on meeting feedback,,,,,,4,3,2,2025-12-22T11:35:49.922Z
653ab786a5162b73aac38bc9,78C8AQfG2rCDiUEmjyok,I had the relevant documents open on my laptop before the meeting so we could get straight to business.,I organised to have the meeting in a pleasant room so that people would feel more relaxed.,I wrote minutes as we went and displayed them on a screen so that people could agree on specific wording during the meeting.,Send out an agenda before the meeting.,Start the meeting on time.,Stick to the agenda and bring people back to it if they go off-task.,,,,,6,5,6,2025-12-22T11:50:23.930Z
654142b51c0cbebefa6f3ea0,ZIbsiXSnfrbUrBEYgzsh,Shared agenda in advance ,Started and ended on time ,Balanced participation ,Assigned clear action items,Follow up after ,,,,,,6,6,2,2025-12-19T21:38:19.608Z
654a56ff9b8baf6c84eb9b69,17dMdN4BxHTnNsbKRHsN,Automatic note taking,AI collaboration,Ensuring everyone got the opportunity to speak,Staying on task and focused on the meeting agenda,,,,,,,7,7,6,2025-12-22T23:38:49.987Z
65706b89d4c6c32963d258e8,ycSqXvdB3Wbh1iG4ulRd,Promised my staff the meeting would take 45 mins max,Pin down points for discussion,send an email of the meeting topics before hand.,select a few important individuals for discussion.,,,,,,,7,7,7,2025-12-19T21:52:11.894Z
6598124cb009a156ae665edf,diGtl8DflcDIUP6aKG6k,I am a group facilitator and I recently had to arrange xmas holiday cover for other workers.,I put out a friendly email explaining the situation and asked collegues if they were free to help out. then I spoke to them individually.,I would always try to conduct any meetings either with collegues or clients on a face to face basis as I find there is a much greater degree of understanding and effective communication.,,,,,,,,5,6,4,2025-12-22T08:49:10.153Z
659d4aadab2eb6b7a8cffb07,iQjS3eOikULjqU5DaPxQ,I made alternatives good enough to be summarized and chosen and shortened our meet time.,Inform needed participants topics to be discussed before meeting.,invite only needed participants,Request needed opinions and keep everything summarized.,request a survey feedback on ideas discussed at the meeting.,,,,,,7,7,7,2025-12-19T22:10:06.125Z
659d6ca29e5500da27f1cb5b,AOTDLxmpLc9JVxY8GHjR,Understanding what each peson would like to hear to how i word it ,,,,,,,,,,6,4,6,2025-12-22T20:30:49.895Z
65b65fdfb1aba2f7325fa073,cUjl1d7RaeYwiwbgh0le,Having a specific set agenda for items to be discussed,Having someone to take minutes and record actions to be done,Review previous actions prior to the meeting,Have set structure and time limit,Ensure the agenda is sent out well in advance of the meeting,,,,,,5,7,2,2025-12-23T12:12:42.326Z
65c637e0e76b878b89b9bae2,ijiQ82QNgphztukQKALV,Outlined the major points of the meeting beforehand,Allowed lots of discussion from everyone involved,Kept notes on the board as we discussed them,Focus on the more important subjects first,Involve only those who are necessary to the meeting content,Encourage humour and laughter and positivity,Keep the meeting on track,,,,7,7,7,2025-12-22T10:12:43.612Z
65de3af8fcbc6ef9331bd863,LQH1zlNOtNql3tc1rKJr,Encouraged participation,Key points summary ,Stay focused on topic(s),minimize distractions,Use humor,,,,,,6,6,5,2025-12-21T04:55:19.936Z
65ef950203e4e8448c55e54c,FzanR5obi65ML0pmiN1X,Set a clear purpose for the meeting.,I like to make anything I am trying to discuss more visual.,Make sure everyone knows their role.,make sur only relevant people attend the meeting,use more humor in my meetings,make meetings shorter ,only make a meeting if it is necessary consider sending an email ,follow up after meeting to make sure that actionable items are taken care of,,,7,7,7,2025-12-20T15:00:34.805Z
65f684e029d7c63f3338aed7,7gZ9bx5MiLPRidM0rULt,Have a set start-stop time,email agenda ahead of time,create minutes for post-meeting,,,,,,,,6,6,5,2025-12-21T11:41:29.407Z
660477cf6f52f75e86f4f349,klwqVPzHrDRCRyC91yjv,Be open-minded/flexible,Set a clear agenda,Encourage candid response,Stay on purpose,Supply minutes post-meeting,Routinely collect meeting feedback,,,,,3,5,2,2025-12-21T21:11:07.191Z
6604b10d7328536e5d9bb9db,UDYH0mJOXZJQVwFrkPiY,Took notes,listened and then repeated what what said to make sure I understood,be selective about who needs to attend the meeting,,,,,,,,7,7,7,2025-12-20T16:53:59.913Z
660c022ef20bb20404c76d8f,VRcVN1SABxvfK1dV19bY,Agenda setting,Scene setting,Workshop Walkthrough,Alignment and questions back to client / internally,Proof points and impact,Identification of pain points through current process,Ensure call starts on time and expectations are clearly set at the start,Ensure side conversations are minimalised,Add meeting minutes to clarify next steps,Ensure correct and appropriate technology is setup,6,6,5,2025-12-23T11:52:00.066Z
660d7d551f8fb51d01193e78,gbivCtr1F8vLRLJLOjF5,Setting clear objectives,Structured agenda,Follow up meeting/emails,,,,,,,,7,3,2,2025-12-22T16:30:37.773Z
660eb2ab66db1c0d3fa51a2b,mW4GjvZZDTi9KgI1g3sN,Specific focus points,Let people engage with each other,Don't have too many meetings,,,,,,,,6,5,6,2025-12-22T10:02:39.765Z
661149a91b7fad3a3d2caf0c,ppZ8MEFyTyLLnX2q049M,Set a clear agenda and objectives before the meeting,Started the meeting on time and outlined expectations,Kept discussion focused and redirected off topic conversations,Summarised key points and decisions throughout the meeting,Ended the meeting with a recap of next steps and deadlines,stimulate positive behaviors that predict team performance,,,,,7,7,5,2025-12-22T08:42:31.267Z
661dd11d5523e507da514925,9pEKKp4XnWSy6h68Opp9,keep it simple,visuals,short to the point,focus on main points,gather feedback beforehand to help shape presentation,,,,,,7,6,5,2025-12-20T02:54:51.708Z
662266d75f37a6781e7d67d7,0WHsISEsaS1STcn6cMpO,Sending out a pre-agenda so people could prepare,Inviting a junior member of the team to observe and take minutes,Issuing out clear actions and responsibilities by name post meeting,kept clock-watching and moving meeting back to agenda points,Clear feedback after a meeting to understand satisfaction,encourage active participation,close down complaints early on,"Think ahead of the meeting, is this really necessary? ",keep the meeting as short as it needs to be. Do not make them too long. ,,7,6,5,2025-12-22T20:40:47.430Z
6629396278644f7ca5e5d017,QAuxkR8S6cpBgH0vKBiq,Have notes available from the previous meeting,Prepare a specific agenda for the meeting,Make sure the key stakeholders are available so we're not wasting everyone's time,,,,,,,,7,7,2,2025-12-20T18:22:25.849Z
66293ded22cbde752a3bbee4,3Dn9UAQAJp3WLwhyXna9,Include introductions ,Think about a funny story,Provide an agenda pre-meeting,,,,,,,,4,5,2,2025-12-21T00:18:58.032Z
66293e1a129d3f87aa344b26,IdPbTYJkkwp2ctPuN4DM,Provided an agenda,Aimed to keep the meeting short,Prepared for the meeting,Didn't schedule the meeting for directly after lunch,Make sure it starts on time,Test technology prior to meeting start time,Only invite relevent parties,Employ humor to keep the spirit upbeat,Quell complaining and fatalism about perceived unfixable problems,Do not allow mutlitasking,7,7,7,2025-12-21T16:38:07.372Z
66364f7e853a9e70d8509fc7,vjsKEvqsKL5Du1htlqfU,"Prepared and shared a clear agenda in advance, including timed topics and desired outcomes for each item.","Started the meeting on time and set ground rules, such as no interruptions and encouraging everyone to contribute","Carefully select and limit attendees to only those whose expertise or role is essential for the meeting's goals, inviting others only if truly needed",,,,,,,,6,6,5,2025-12-22T08:53:59.131Z
66366f1058966314508ed6e4,4lX44NeUgad1zRQ8y5yi,Let everyone know that their thoughts and ideas count and want to be heard.,,,,,,,,,,7,7,2,2025-12-20T01:08:40.036Z
6647187677519b0df9ecb716,1TORDYQm6hZWun8Lk0ND,Set boundaries for discussion,Decided on key points in advance,Had specific outcomes ready to tick off,Ensure only relevant people are there,Ensure more important meetings are minuted,Ensure each attendee contributes in some way,,,,,5,5,2,2025-12-22T08:29:13.300Z
66520da15457a5e65d2ec66f,S4r1I1A3vLlJwjkOWCvD,Q&A,Structured Agenda,Timebound items,Meeting Minutes & Actions,,,,,,,3,4,4,2025-12-22T09:23:53.028Z
66572ce80b83b5ae5cb07a0c,qPF4xDAEY7fmNQ3C5iZg,team work task (interaction),carousal of tables to display methods and equipment ,statistics - recognised government published data,,,,,,,,4,4,2,2025-12-22T20:08:18.383Z
6658bd6af1e9209af5f89f53,v5GOJ3AZ7Slc18gYf33P,Sticking to the meeting agenda,I also cut people off it repeating themselves,Ended with clear actions,,,,,,,,5,5,5,2025-12-22T10:44:05.881Z
6658c063dd60f6a0b5dcb002,yZJYQSlPtoPhNnMCjQcF,Agenda,Meeting minutes,Mood check-in at beginning,,,,,,,,3,2,3,2025-12-22T15:00:14.365Z
6658d234fa019e8f175c83f7,pZ71aohm70hZODjBcHgo,team work,brainstorming,preparation,sharing agenda,,,,,,,7,7,7,2025-12-22T16:59:35.665Z
6659e11957f1717b65111769,4Hfx8HW3BiE2QZbjyyKv,Focus on a clear purpose,"Clear purpose, design and execution",,,,,,,,,5,6,4,2025-12-22T05:47:46.365Z
6659ed0c83328ed788a7cf65,WikHwbscLBQ2dJOUG4Wi,I came in with lots of energy,I considered who I was in the meeting with to best approach the session,I made sure I was organised with my information and documents,Employing humour and encouraging laughter in the meeting,,,,,,,5,6,3,2025-12-22T12:35:01.409Z
6659fdc13bceed5a87541da4,pVNJTas3xfkn7L62H2iq,Agenda,Technology tested,Result-led discussion,Only appropriate attendees,,,,,,,6,7,6,2025-12-22T13:57:26.379Z
665a16dd2db5a0dff976ea9b,MgJz3SjVQFLrZ9qBy3MG,Tried to make sure everyone was engaged.,Included everyone into the meeting.,"Think about the before, during and after meeting process.",,,,,,,,6,7,6,2025-12-23T09:00:22.311Z
665b5ab06f53305291fbf9cc,8SmOjN3701TXxLnO9FUc,Sending an agenda within the invitation link,"Sending material beforehand (brochures, studies, impact reports, price lists)",Having my calendar and schedule link available in my email signature for easy coordination,Internally going through questions I had to achieve getting the info I needed to make the meeting useful,Make sure all the participants in the meeting are engaged,Only invite key people that would make sense to have in the meeting,Send out an overview of the decisions made and a summary of the meeting,,,,6,7,5,2025-12-22T13:34:16.523Z
665ba5fad0a8c603ab8b5242,TyRovBV8w9M5oVUVrKWL,Sending out an agenda with clear list of topics,Assign specific time limit to each agenda item,ending  the meeting by summarizing specific action items and deadlines,,,,,,,,6,6,6,2025-12-22T10:53:00.962Z
6660df77324bd52e8dbce2ef,WnVKMwyqdQqyDa42qoAw,engagement with all staff,send ou agenda before meeting,,,,,,,,,6,7,7,2025-12-22T10:32:48.968Z
666182516b3e1f1fdb4f345a,6P3lcDBmG3halaneg2Mo,Stuck to the agenda,Only invited people necessary for the meeting,Took bullet point meeting notes,Summarised agreed actions and timeframes,,,,,,,4,4,3,2025-12-22T13:46:31.150Z
6665aacb7549bd73950c9e6b,ibzp1IeVJPfTEJTQAMum,set a clear agenda and shared it with the team before meeting to ensure everyone was prepared ,encouraged open communication by asking each department head to share updates and challenges ,allocated time at the end of the meeting for brainstorming solutions collaboratively and addressing key concerns ,,,,,,,,7,7,7,2025-12-22T10:10:54.183Z
6665e9f9b49082f6458c687d,EX0hNZZwtxvRI6vmyYaH,Start the meeting by clearly stating the purpose and expected outcomes.,Summarize key decisions and action items before ending the meeting.,Summarize key decisions and action items before ending the meeting.,,,,,,,,6,7,4,2025-12-22T13:34:47.820Z
666640831e2f8d963f8c528f,iX0kSvMdQQdKsLG8XMFj,Communication aims,End goal,Timeline/presentation formatting,Length of meeting,Technilogical inputs,,,,,,3,7,7,2025-12-23T04:25:07.890Z
66708fa4dfe022dbed4cae9c,XSJjhwYDnQIcank5ykoA,I organized my data efficiently.,I drafted a summary and conclusion to showcase the important parts.,,,,,,,,,4,4,6,2025-12-19T20:01:46.576Z
6671f8979384370db5e1c713,7QgKJYwJNwkwGKenqdUi,"Identify agenda before meeting, circulate and go over verbally at start of meeting",To have clear outcomes for the meeting,to write up minutes to corculate which layout possible outcomes and actions to go forward,,,,,,,,5,5,6,2025-12-22T08:34:29.774Z
6673705315e1f2006697c6da,mGuOzVm8KqbWThOViKym,Created handouts for everyone.,Keep meeting on track,,,,,,,,,5,3,2,2025-12-19T23:02:04.346Z
6674ae115abf5a938c5e7c3d,7peMOx45sFN8nfSADBwH,"Set a clear, production-focused agenda (in advance)",Encourage clear lines of communication between HODs,Assign clear action items to HODs (to affirm responsibility),Gather feedback after the meeting to inform future meetings. (across current and future productions),,,,,,,6,7,4,2025-12-22T17:09:54.929Z
66759b71393cdf8c9276b688,42uFyVa55o8gdhu7cpe7,Pre sending a clear agenda,Setting guidelines on the topics to be covered to prevent drifting,Ensured that all stakeholders were present to ensure they had a voice to reduce the need for follow up meetings,Kept it tightly time bound to prevent scope creep,Allow for some more relaxed sections / time,,,,,,5,5,3,2025-12-22T09:54:04.160Z
667634625cc34d5ac97492bf,o3K0xzzMR94EaSgBur6x,Create notes to share with the others,screen attendees,send after meeting minutes,,,,,,,,7,7,7,2025-12-20T15:30:42.643Z
667e3c908dfe54c0973bbe34,ac0hznSEOVZG1Ed4ACuG,I had a few of my close persons hear the rough draft and voice their opinions before the actual meeting,,,,,,,,,,3,3,2,2025-12-21T21:59:58.438Z
66817f4754e17e6ec71a44b0,sjoBEOAqGin9LsOSFdmi,Prepared a new policy in advance and anticipated leadership questions.,Clearly presented the policy rationale and key points with examples to illustrate impact.,Actively listened to feedback and responded thoughtfully to keep the discussion focused and concise.,,,,,,,,5,5,5,2025-12-20T18:29:11.610Z
6682c269b9b9b8b8bcdffa07,qbqCPpdPlUXruxS3d5w4,Take notes,Ask questions,Provide feedback and thoughts. ,,,,,,,,7,4,7,2025-12-20T03:19:28.043Z
66845d64ef9123bc488e1242,RWdZPCMvhGpyIInBxadB,Set clear agenda ,Include relevant people,Create space for humour,Stop complaining cycle ,Seek feedback ,Send minutes and action items ,encourage participation from attendees ,,,,6,6,6,2025-12-22T08:59:38.248Z
66857a5b6efcd1cf07b88707,Call5IOWFdawqkUsZHl8,provided a deck,with an agenda,specific ask,follow up with minutes and actions,,,,,,,7,7,6,2025-12-22T14:17:00.353Z
66881fbe723bc57d75a2c268,w4h9wyGG6dpS4RtOFSYD,Set a clear agenda in advance,Defined roles and expectations,Started and ended on time,Clarify the purpose and necessity,Send a clear agenda in advance,,,,,,7,6,7,2025-12-20T05:40:31.482Z
66882d9207bafe4863311ddc,YWnRuHAjmdQVRHGQnetp,I created a summary tab of all data to make it easier to present,I came up with a list of questions for other in the meeting,I sent a list to the members on what needed to be covered,I would check the meeting agenda to make sure its clear,,,,,,,5,5,4,2025-12-19T23:53:18.825Z
668d16ae27f1ad4461650742,PZR0djD5TiDLq9ymyfQp,Demonstration,Step-by-step explaination,Referral notes,Question taking,Clear agenda prior to the meeting,Take away actions for attendees,Ensuring only neccesary stakeholders attend,Jokes and humour,,,6,5,5,2025-12-22T11:05:01.960Z
668edb3b608a3d4537e2da08,21uiLaXDSBLnJY5nFvfN,The first strategy I made use of is having a clear agenda right from the start,I also encouraged everyone in the meeting to contribute effectively to the meeting,I ensured that I used my time effectively so as not to make people uncomfortable,I should manage the meeting effectively,I should always ask for feedback and how to  improve future meetings,,,,,,7,6,6,2025-12-20T05:45:30.038Z
668eec6ed561b72c282fc11a,dWD3l9gGAW4TXIAsmFff,Collaboration point,Structure evaluation ,Efficient of intent,"Before, during and after ",,,,,,,7,7,7,2025-12-21T08:14:09.367Z
669d6e67b980bf3846b82e8f,JePC5loumrAQdo0NVrq7,Set agenda,Only invite relevant staff,Come up with relevant discussion prompts,Electronic/virtual meeting use,Encourage praise/positive atmosphere,,,,,,7,6,6,2025-12-22T18:44:22.201Z
669eba3ad8d7d49177bc50d0,ng7KNvlE35yMJEAusAwq,effective agenda,preparation,follow up,make sure correct people invited,evsure meeting is necessary,,,,,,6,6,6,2025-12-22T16:02:28.281Z
669f1b414df434c089390389,UbRzyFdXrcTCKn4GHaV9,I followed meeting guidelines. ,Prepare before the meeting.,Follow through with action strategies after the meeting.,,,,,,,,4,4,4,2025-12-20T05:16:51.681Z
66a2741b8cc4486c4d2032d9,emZ2kUraFCHPW6u0gyns,Timeboxing: I shared a timed agenda beforehand and stuck to it during the meeting to keep us focused.,"Used a ""parking lot"" for off-topic ideas.","I shared the project brief and data summaries 24 hours in advance so everyone could arrive prepared to discuss, not just read.","Conduct a ""Necessity Check"" first.",Tighten agenda with clear goals.,Mandatory post-meeting recap and feedback,,,,,6,7,6,2025-12-22T09:39:48.635Z
66a819b2c3eb66cffc47e808,Oyx8k1JvCYTIFW7xm6KP,Clear agenda sent well in advance of meeting so participants can review,Clear action items agreed upon by attendees,Purpose of meeting was understood by the group and established at the start,Post meeting survey,,,,,,,5,5,5,2025-12-19T20:54:25.919Z
66b2c7262f4631f5eea8e729,ngBXkyeBRlHNbFkeesiU,Fostered engagement by posing open-ended questions and welcoming contricbutions from every team member.,Establish definate time constraints for every agenda topic to maintain focus and ensure the meeting stays on track.,,,,,,,,,7,6,6,2025-12-19T20:28:16.278Z
66b8e8f12fa9160e4ca9f25b,CW9vXkNqFHh2osKM2dah,Having a helpful powerpoint,Breaking down the information,Using language that was not technical,allow contributions and Q & A,,,,,,,4,5,3,2025-12-22T19:04:34.935Z
66b9a0475a301eacdfb5e608,UMiVvY0HD0lxs0QCclZZ,Plan ahead,promote laughter and smiling,dont have the meeting so long ,,,,,,,,4,4,7,2025-12-20T02:37:20.323Z
66ba2139a67c5c99778a6766,zfhO001baQTcxlyTHgzj,setting a meeting agenda,taking notes,only include relevant attendees,,,,,,,,6,6,5,2025-12-19T21:36:26.173Z
66bd73db3481a3d17695c23e,o9t9sL52P5aU35AlvZE6,focused agenda,inclusive participation,as needed individuals for meeting that is relevant,summarizing and concise note taking,get feedback ,,,,,,7,6,6,2025-12-20T05:52:18.355Z
66be213d651dff72ff117b7d,7wrHj1gkxe7BpoTOuJ2w,Brain storm ideas,Kept the time to 30 mins to ensure attention was kept,Only include relevant people,Keep this to a weekly thing,,,,,,,6,7,6,2025-12-22T20:55:41.911Z
66beb7a1951f8a18b03cd9c5,rFQRovjOT3N5qky91a6R,Encouraged open participation among employees,Actively listened and offered opportunities to collaborate on different solutions,"Provided clear focus and guidance in order to facilitate more effective, productive conversation.",Reduce unnecessary meetings,Survey employees on their satisfaction after meetings,"Being more mindful of employees' time, as well as their well-being",,,,,6,5,5,2025-12-19T20:02:16.211Z
66bfe5ecc23f1e2109f144d6,AUrGoBvvveLCZnuhHMJG,Have a strict agenda,Come to the meeting on time ,Capping at 5 minutes,Implement a positive/ light space that has laughter,Avoid complaining,Make sure to send meeting minutes,Have interactional fairness,,,,5,6,6,2025-12-21T04:53:03.855Z
66c33e386baa1ae990d7165d,HWh0JMtDFiICelV1rxbS,Organisation ,Plan of the meeting,Length of meeting,No distraction during meeting,,,,,,,6,5,5,2025-12-22T12:32:55.325Z
66c344f0ca88e523ebbc35a2,MmueIydpYgOORBkBA329,Clear agenda,Active listening ,Time limit,,,,,,,,4,4,6,2025-12-22T12:24:59.939Z
66c36df59f1061046b7ea01b,lOZOCeBUTY7wNFO8eQyi,I took into account everyone's input.,,,,,,,,,,4,5,5,2025-12-21T23:28:11.056Z
66c6b37d82e002e73e1fbd2d,rbt2TAYPVAL1KzSaaeot,Create a focused agenda,Set expectations at the start,Encouraged participation,Use examples from recent cases for a grounded discussion,,,,,,,4,5,2,2025-12-21T02:04:12.182Z
66c8842e8667d7d2dd040001,u68zJKU19oT5fF4K751O,Understanding,Clear communication,Noted guidelines,Handouts of meeting agenda,Select only those needed,Make meeting concise,,,,,6,7,2,2025-12-20T15:30:15.602Z
66c8ee23967e42b053411eee,SKYpbK9AAxArWSCnEPgU,planning,listening to previous comments and minutes,,,,,,,,,5,6,6,2025-12-23T09:05:10.813Z
66cc4546f9e3a25d2adc51c8,jVQd3EWqeZ72jHmHzR69,come prepared,get people engaged,stop complaining cycle,,,,,,,,6,5,5,2025-12-22T09:52:29.556Z
66cdf006dc37b68c08c84ac5,8oGYYKjEy5AT1fjaEV81,Invite only staff that are relevant to the meeting ,Prepare a presentation ,Make sure everyone attends on time,,,,,,,,6,6,5,2025-12-22T20:18:56.031Z
66d470efae87ffb63c6ee75b,XvZ9q1Q26oPEUZczfwn1,Slide being prepared before time,Research linked - people can then check the data being given,Send follow up emails with meeting notes,Set agenda before the meeting ,,,,,,,6,7,5,2025-12-23T09:58:22.397Z
66d753769fda18f114e0e534,Rsq1UrIhWjscgFV84Bwh,Create an agenda,Ensure any technology needed was working beforehand,,,,,,,,,4,4,4,2025-12-22T12:56:36.105Z
66d921d24ea620ae6b29d74b,0jfyW2yC02vnNyvPBdiw,I kept the audience engaged with the meeting. ,I asked them if they had any questions.,I told them the plans that I had forward to solve the problems .,I made it a fun meeting.,,,,,,,7,7,7,2025-12-19T19:59:05.049Z
66e04b2f9cd94406f2da8f42,XixJpaLZOwesdleeMjKp,Have an agenda,Stick to agenda,Set other meetings for off topic items,,,,,,,,5,6,5,2025-12-23T11:01:21.194Z
66e1fe0eef87e2486f0f4ca1,IY800byYR7z5VQdsCLSN,Organized ,Prepared ,,,,,,,,,6,7,7,2025-12-21T08:40:45.615Z
66e3151584ce7d01596d194a,1RvazM1mZ5ZuHWrpf2Hl,clear agenda setting,encouraging active participant,action items and follow-up,,,,,,,,6,7,6,2025-12-20T02:15:11.375Z
66e4fc9c0c958246837a6941,pIBCjPQnnG4WnHdmNjOT,Set a clear agenda and shared it with participants ahead of time,Kept the discussion focused by managing time and redirecting off-topic points,Encouraged input from quieter participants to balance the discussion,"End the meeting with clear action items, owners, and follow-up, and send brief meeting minutes afterward.",,,,,,,6,7,6,2025-12-20T14:03:26.242Z
66e84a9aeb1250e4e671ae2c,KPpkKRjHa4iZESIDkIFL,Including more individuals in the communication,Allowing sufficient comprehension and processing time,More systematically plan,,,,,,,,5,5,4,2025-12-22T10:36:58.820Z
66f0457846752930b55150a3,LqLm66bu1qfIkz2bGCiK,This was a team building exercise where I instructed each person to give feedback to other team members regarding our last project. ,Each person was encouraged to ask questions on how their contribution was of value.,I would record video of the meeting to be shared with each team member after the meeting. I feel that this could be a way of taking minutes as well as to encourage the team to engage more.,,,,,,,,7,7,5,2025-12-21T18:57:06.942Z
66f0765bb7f6c2ae6ef721ee,Mvijy9Z3T0K2wp3Upo7t,organisational skills,preparedness,structural strategy,,,,,,,,5,5,4,2025-12-22T11:00:32.300Z
66f23f43364a3d1b7b018f27,cncN3mzNWfuSj0AQ88Km,I used powerpoint presentations,I used outlines and I had a timeline,I used examples and recalled prior situations to refer to my situation,,,,,,,,7,6,3,2025-12-20T11:21:53.349Z
66f59c766e7e22e1f90d08f6,lIXFRLbQWR09dEoODXVd,Involved all participants,Circulate an Agenda in Advance,Tone Setting,Post Meeting Accountability,,,,,,,5,6,5,2025-12-20T19:42:56.259Z
66f99699f2bb894cbd57209f,OgRRZOh3RQG04TOP0x5y,I brought pastries and drinks  ,I changed the sitting arrangement of the meeting room   so it was more informal  and we were all sitting much closer together and i was sitting amongst the team opposed to standing in front of the team ,Make the meeting less rigid ,Time limitation on the length of the meeting  ,,,,,,,6,6,5,2025-12-22T09:25:38.054Z
6701cdb7d312f798d316810e,WXHyvAxZXAqUMBlOjUl4,keep meeting participants to only the required,ensure meeting is kept to the point ,,,,,,,,,5,6,6,2025-12-22T15:36:20.961Z
6703370d69c922c9c282ef5c,UtoDPegJTtMYNtR62ksg,relateability,simple points,being on equal levels,showing respect ,rewarding good work and work ethic,,,,,,7,5,2,2025-12-21T13:25:01.574Z
6704025bdd15dcd73f54125a,r46UbPe4f1QCBvG5QFzA,"I sent a concise agenda ahead of time that outlined the meeting goal, discussion topics, and time allocations so participants came prepared.","After the meeting, I sent a brief recap with decisions, action items, and timelines to reinforce accountability.",,,,,,,,,7,7,7,2025-12-22T11:36:05.167Z
6708e405424678d90434ac89,4oE89r2qDXhXMb1y50nX,Create an agenda,Share agenda with co-workers,Take minutes during the meeting.,Ensure meeting is timely.,Encourage participation and contribution of co-workers present.,Carry out a follow-up survey to collect feedback and ensure objectives are met,Incorporate humour at intervals to lift the employee's spirit,,,,6,6,6,2025-12-22T11:36:23.173Z
670da3fd0b8a2f7a542a2b24,HkiHviIHzQOQkfONk9TE,Noting bullet points,reading the room,take initiative,engage with coworkers ,evaluate info beforehand,run logistics with clients and have notes,,,,,6,7,4,2025-12-20T15:29:24.497Z
670fb18f6f6ca0d7257a9302,wmHdPqSrc7siYZ6XZ0MU,I set a clear agenda in advance and kept the discussion focused on each item with defined time limits.,,,,,,,,,,7,6,6,2025-12-19T23:14:59.902Z
6712c4178dc857f9a720852b,kpDusdiT0j7rdpmwPQXF,Making sure someone takes the minutes.,Setting follow up tasks for relevant members of the team for the next meeting.,Organise a relevant attendee list prior to organising the meeting.,,,,,,,,5,6,5,2025-12-22T17:44:56.936Z
6713a6a34b872f10e42e1502,zgfULFYR2pMq0o7hQdzj,Printed agenda,Determine who is actually needed,,,,,,,,,6,7,6,2025-12-22T12:29:08.319Z
6717f85a6a89e8cd9b165aaf,txdMucKsYSkY5qWqUWu5,I always make sure the meeting starts and ends on time. Everyone's schedule is duly considered and respected.,I ensure we stay on topic.,Inviting only people relevant to the purpose of the meeting to the meeting.,,,,,,,,5,7,5,2025-12-22T10:46:38.631Z
6718fa3043e1839e51351385,aRYSCYEMTHeo5nG5SfUn,shared an agenda in advance outlining objectives,,,,,,,,,,6,7,7,2025-12-22T03:31:39.659Z
67191218806a2b419b243e5c,ElFIgDs9Sy9HzpbEwoRC,Anecdotes,Comedy,Accountability ,Connection,Define clear goals for my meeting,Invite relevant employees to meetings pertinent to them or their work ,,,,,7,7,7,2025-12-21T08:50:02.114Z
671cdd2146a2a9d3d0535132,fDACpIZowHUGbC4qsJne,Sent a clear agenda and objectives in advance,Time-boxed each agenda item,Summarized decisions and action items at the end,Confirm the meeting is necessary and that the goal requires discussion or decision-making,Actively manage discussion to reduce complaining and keep conversation constructive,,,,,,6,6,6,2025-12-22T01:54:37.001Z
671d772447cf5a3419817702,1WzTxIrsPLB1YhR22USp,Set a clear purpose and agenda,Invite the right people,Manage time and participation,End with clear outcomes and next steps,,,,,,,4,6,6,2025-12-20T15:28:59.163Z
6722ceb13a02b06603b7b285,pkVCSX68d7KoB8XT001m,Prior to the meeting I sent every attendee an outline of the meeting's agenda and expected length of the meeting,Let them know what is expected of them during the meeting(I already do this),Ask about the effectiveness of the meeting later,,,,,,,,5,6,2,2025-12-19T21:06:25.531Z
6724d3673a5391f6e028d659,4ucQFHIIa8ktqiilZbxx,I made sure I worked with everyone in ensuring everyone got what they needed and were duly informed on the requirements and topic of the meeting,I would ensure follow up after the meeting,,,,,,,,,7,7,7,2025-12-19T20:12:58.111Z
672501c7bc2f7f52114f2a5e,ZiNOwuXXcAuJyqvYLxlI,"Outline of topics to discussed, agenda. Question whether this really needs to be a meeting, or would an email suffice?","Not letting co workers derail the meeting discussing items not pertinent, shutting down complaints before discussions snowball","Keep it short and simple, only invite people that need to be there",,,,,,,,6,6,4,2025-12-19T19:58:55.619Z
672539aa74aa5a08ab440626,fCQzC7X1mkLH73X0xBmZ,prepared an agenda- send this out in advance,Prepared relevant documents and sent out prior to meeting ,Prepared slideshow with questions,Booked room,Prepared refreshments,Set clear purpose,Consider attendees- are all necessary?,Offer virtual join options,Set clear time frame,,7,7,6,2025-12-22T12:33:45.007Z
6726175b381af01a5aaef18a,wSYr4gn6EfwSqGqYAVwq,Brainstorm,Outline,Contact,Set Date,Meeting,,,,,,7,7,7,2025-12-22T00:12:54.164Z
672695e93764017bcf01d69b,3Yfip4DcDLe6aaywpu91,priorotising ,"plan the before, during and after agender and send it to all participants before the meeting. ",,,,,,,,,5,5,2,2025-12-22T08:00:04.383Z
672789bc7b3816f4f1a42e43,QWwgLXLA8HoXdD5b3fyM,Set clear agenda,invited only relevant attendees with functional expertise,Allocate a time keeper on the agenda,Allocate minute taker prior to meeting,Encourage quieter members to contribute,T Account at the end of the meeting - what was good and what could be better,Ensure clear next steps are set at the end of meeting,Set clear objective at the start - no phones or laptops unless necessary ,,,6,7,5,2025-12-22T13:48:56.224Z
6727e176e5f011b020a6a2db,CltPOb0paC9JMHIDRRG9,"taking notes, listening, and have a coomprehensive review",,,,,,,,,,5,4,4,2025-12-19T20:08:31.109Z
672946ef8187e4253c5ff800,PNMgXdKBVw4xSNRbXWvF,Defining the purpose of the meeting.,Set meeting agenda. ,Invite feedback.,Time management.,Communication patterns.,,,,,,6,7,6,2025-12-22T10:47:01.212Z
672a0f49692a1a87ac2772da,cxoEzOQHZSy8Edvg0NpP,Note taking,Recording,Summarizing at the end,Visual aids,Meeting minutes,Humor,,,,,6,5,5,2025-12-20T00:23:04.943Z
672c99775b51436252e1b231,WYKTtO6JKQluUrSVkRvE,I shared a clear agenda and objectives with participants in advance.,I set time limits for each agenda item to keep discussions focused.,I encouraged participation by inviting input from quieter team members.,I summarised key points and decisions at the end of each topic,"I carefully considered who truly needs to attend, ensuring only relevant participants join","I planned specific follow up actions, including sending meeting minutes and clarifying responsibilities.","I actively managed negative behaviours and promoted positive interaction, including humour when appropriate.",,,,6,7,6,2025-12-22T02:35:39.837Z
672eeebde600098b4b65d4a8,5GPy1vmDVWseQVgw8i4v,Shared a clear agenda and goals at the beginning so everyone knew what we were trying to accomplish,Encouraged quieter participants to share their input so it wasnt dominated by just a few voices),Send meeting minutes after to recap and facilitate for follow through,,,,,,,,5,6,4,2025-12-19T19:29:19.626Z
672f0e017c32cf8dfb315424,cm5xw1zAdd6wrr6cC4G9,coming in with an agenda,keeping it short,quick recap and confirmation of next steps at the end,,,,,,,,4,4,1,2025-12-21T05:09:06.093Z
67311201ae5343816a576b29,gdkgODJLmj4QxbEnvOtd,active listening,organisation,agenda of meeting/purpose,less deviation from topic,encourage everyone to contribute and make suggestions,Give room for ideas and thoughts,summarize every details said,make sure to follow up on the issues brought uo,,,7,7,6,2025-12-22T03:00:24.417Z
6736247083a7524dfeccab93,WLlko6L4dGSSZWXkTa6i,"I would present a subject brief and provide a clear agenda to all those invited which would outline the expected goals.  Only invite those who have direct responsibility in the areas to be discussed, i would also invite observers for experience purposes.   Its important for me that I manage the meeting as to not go off subject, although every meeting has a serious tone, we should have some fun.  after the meeting I always provide a bullet point paper, which outlines the main points and actionable points, and state 'if there is anything you feel I have missed, please let me know' .  This will trigger any feedback that could be used for a more effective meeting next time. ",,,,,,,,,,1,4,1,2025-12-22T10:37:08.528Z
67367a40e4abdcfbbaa00bcc,nxB9IA0BLN9a2YLeg1yd,"Having a designated note-taker list all important points, upload the notes to the cloud so that everyone in the meeting will have access to the same information.",Follow-up meeting with satisfaction surveys,How could I have delegated the meeting effectively?,,,,,,,,6,6,7,2025-12-21T21:37:18.976Z
673b7de4a2e905d7e456db70,IrcBPDcFQFtgaRyUScIN,Being organised - having an agenda written up in advance.,Asking people to submit their ideas before the meeting began.,Only inviting people who need to be there.,Make sure I am punctual. ,,,,,,,6,5,5,2025-12-22T12:22:44.991Z
673df43bab9b5d6c0cba0f9a,u0NZfHqBMquNQeHr7gu0,note taking,previous meeting minutes,drinks and snacks,suitable room,ensure meeting ends on time no matter what,,,,,,4,4,1,2025-12-22T10:07:08.033Z
6740b01583cadef1afebeb9d,oiyVQ948mhc54wPpf2wk,Delivering the intended topic of discussion to the members prior to the meeting. ,,,,,,,,,,7,7,5,2025-12-19T19:20:16.801Z
67425ff05a1e573622ade37a,vXQ6iOT222wn9W3MFXL4,Provide a clear agenda,Stick to the agenda and do not overrun,Issue minutes from the meeting with clear actions and responsibilities,Ensure to include humor,Ensure that all attendees are required,,,,,,6,7,5,2025-12-22T10:08:05.022Z
67448035804444614abdcc6c,E591FDQpnxHgmEduYvqr,Set time limits for each agenda item to keep the meeting focused and on schedule.,review whether the meeting is needed or not,,,,,,,,,6,5,5,2025-12-22T02:41:37.580Z
67449b2d46dfbc02a0f083b3,rAeKeVJ9EMYtEn8Kv78F,"Before even scheduling I would ask ""Do we actually NEED a meeting for this or could it be an email? Carefully consider who needs to attend and only invite people who are relevant and can contribute. ",Encourage positive interactions and even humor. Keep people on track and prevent them from going too deep into the technical weeds. Make sure no one is multi tasking. ,Actually send meeting minutes documenting what was decided and who's responsible. Ask for feedback about what made the meeting effective or ineffective and be open to that feedback. Use it to improve future meetings. ,,,,,,,,7,7,6,2025-12-19T20:27:56.126Z
674696d5ad8d317b574a1344,fhfsILvmLTYrLrXvXcQh,decision framing,clear collaboration,follow up and clarification,,,,,,,,5,5,4,2025-12-20T05:45:22.408Z
6746e74a384ba0891f6de321,OB23XEYM8c6i3Z7tFu93,Question & Answer with a sales expert,,,,,,,,,,7,6,5,2025-12-21T20:18:31.300Z
67496dea4b9483e93cf9d117,ReM4aAlJuNcir13BppIM,I would make sure to see ifwe even need to have a meeting or can the issue be discussed through an email. ,I would then only invite people who need to be there.,I would make sure to stay on topic and to keep the people interactive during the metting. ,I would follow up with questions and offer anyone's thoughts. ,,,,,,,7,7,7,2025-12-20T07:58:34.980Z
674cf1b47d6743e2ea091d98,BS61TF0uUPJsBF71pGnU,Time Management,Prioritizing ,Open conversations,Clear Agenda ,,,,,,,5,6,5,2025-12-22T17:33:27.084Z
67501946d923a3866d1635dd,pIii2SiL43Ck0Ijw7xuc,workwear uniform policy,,,,,,,,,,7,7,6,2025-12-22T18:19:08.734Z
6750963f80dc9a9b834ddbbe,StJa795VbuQzt6Z9LfIR,outline,notes,time keeping,,,,,,,,6,6,1,2025-12-21T23:21:11.992Z
6756d8d07b3444c59eeff05c,XUG2DfWtBQxLRWtYT9WN,"I choose method or location,  online or in person",I checked availability of the participants,I defined the topics that will be discussed during the meeting,I participated to the meeting,taking notes of the topics and call to action discussed ,send notes to the participants of the meeting,Check progress of the topic discussed,I will choose participants based on how essential is for them to participate,start on time and end on time,,7,7,7,2025-12-23T05:16:42.500Z
675a69d88d29359682bcd4ec,zAul5nfVU00dbYUpa36u,I provided a planogram handout,"I allowed enough time during the meeting for questions, concerns or recommendations",Possibly lower the amount of people who attended by 2,Add some humor,"Post meeting minutes, action items and get feedback",,,,,,7,7,5,2025-12-19T20:52:26.019Z
676055d717c5c46b0800f479,hwLRUJJvjmtmAAyDG1Tc,Send out an agenda,Ensure the meeting has concrete outcomes,Follow-up post meeting with minutes,,,,,,,,5,5,7,2025-12-22T13:35:11.137Z
67606c975d33dc79c280063e,RTaaH4OGCnED6dzpokAG,Collaboration,Offer expert advice,Prepare pre-meeting,Strengthen post-meeting,,,,,,,6,6,5,2025-12-22T09:29:11.581Z
6760b0825ab03ca48d4fb0de,reZkA9vxAq2PJ7p3pFu0,set and circulate a written agenda ,stated the goals,facilitated for maximum participation,summarized key points at the end of the meeting,,,,,,,6,6,5,2025-12-20T03:52:13.334Z
6760f2ed5c7e5d977eb5bd54,7nxDCsad2n4U4f7LkALm,Encouraged participation by inviting quieter team members to share input,Kept the discussion on track by managing time and redirecting off-topic points,"Evaluate whether the meeting is necessary and avoid holding it if the goal is only to share routine, non-urgent information.",Ensure only relevant participants attend based on the expertise needed to achieve the meetings goals.,,,,,,,5,6,6,2025-12-19T22:18:11.309Z
676276312d87ec9601be7d5c,1JXZGra01zb1L983GsyD,Set a clear agenda and send it out in advance,Invite only the necessary participants,Distribute materials before the meeting,"Assigned roles like note taker facilitator, and timekeeper ",Start and end on time,Manage conflicts constructively,Using visual aids as well as shared documents,"Summarize, our decisions and what the next steps are for everybody before we close out and then anyone leaves",Send out meeting minutes and follow up on key action items well all the action items,"Also encourage balanced participation, no dominance by one group",6,6,3,2025-12-20T04:16:20.770Z
67657279b0bce380fa33721e,Nn5J3qSmN0LZFKAVKTq5,Preparation ,Eye contact with room,Visual prompts ,Encourage active participation with each attendee,Follow up with a satisfaction survey,Carefully consider who I'm inviting and if it's a constructive use of their time,Consider the length of the meeting ,,,,5,4,5,2025-12-22T07:57:17.723Z
6765c82c27f3e9e011d0d4d9,cOhEYV7obbJ41srew3O8,Clear communication,A clear end goal for the team,Making sure everyone understood,Only have a meeting if it is necessary,,,,,,,5,5,5,2025-12-22T10:26:22.524Z
676688f10526923c0a526ee4,QquLhfkHe59QXvKK3a2s,"i prepared and shared a clear agenda in advance, outlined the meeting objectives at the start ",i encouraged participation by asking open ended questions and inviting quiet team members to share their perspectives.,,,,,,,,,5,5,5,2025-12-22T23:25:41.150Z
67682f4bf87d300e646e7371,0OoVTkpRpb9gW5OAYurU,Make sure meeting starts on time,Select appropriate employees,"Make sure meeting agengas are appropriate, not ones that could be an email",,,,,,,,7,7,7,2025-12-20T23:48:30.300Z
676a2c97280c39f6edfd813e,91JBoNSz7XydyixUvYqF,small notepads with writing utensils available art every chair pre-meeting,a quite 60 second interval after each highlighted point was made to give the attendee time to note specific items they felt were important to remember,refreshments provided to that hunger or thirst was not a problem for anyone to take attention from the matters at hand ot be discussed in the meeting,,,,,,,,6,6,3,2025-12-20T00:34:22.573Z
676a86716dbe63bed7ae70a0,fIl5VCLOorah7wc79IjW,set the outcomes required at the start,encourage open discussion,confirm actions and owners at the end,stay on time,,,,,,,6,6,6,2025-12-22T13:57:17.899Z
676aa62900acb7d40e4f03b7,o599cDGJ18PY9u33mzLQ,start the meeting with general chit chat to lighten the mood,,,,,,,,,,7,7,7,2025-12-23T12:27:43.567Z
676d346f257c35fb4c43e63b,duMeWagJ33kWayY5HOAm,active participation,selecting only needed employees,meeting minutes,,,,,,,,5,6,6,2025-12-22T21:59:31.540Z
676ddbb4543c43071be7605d,IUI1FsdxctCctjUvFX3z,There should be a clear shared agenda in advance. ,,,,,,,,,,5,5,5,2025-12-23T11:47:24.304Z
676df4319d4ed64ca5e20cdc,Njt9Nc4kJV2F7Ps6EADc,Prioritisation,listening,empathy,organisation,future-looking,,,,,,5,4,5,2025-12-22T17:54:16.896Z
67701cb8e95b8934348de694,kmvyf72wsvRYrbXSRCjG,I made sure we stuck to an agenda ,had a clear summary process and set goals,,,,,,,,,6,6,6,2025-12-22T05:53:02.800Z
6771ff8ec9ba55882b8c525c,PPyFxujjG3llUdhm983U,i usually write down a plan,I list the pros and cons of my strategy,"I rehearse this, like try and practice sometimes with peers or without",Finally i summarize and check for any mistakes and remove or change,i wouldn't hold the meting until there's something necessary to discuss  ,,,,,,6,6,7,2025-12-20T08:15:56.859Z
6773d6d84f06b14a316648aa,y5YEB5TtLIfeGAZfZmKm,I liased with colleagues on social media to ensure that all affected parties would be in attendance. It was particularly important to ensure that as many people as possible took part in the discussion to make their voices heard.," During the meeting itself we utilised a mediator from our company's head office to ""referee"" the behaviour of a superior staff member. This was to ensure that no one felt intimidated, or unable to speak.","Ensure that everyone present is clear on why the meeting has been called, and impress on all those in attendance the importance of the subject at hand.",,,,,,,,5,5,3,2025-12-23T09:39:08.416Z
6773d9880060f6cfd67eca9b,f2EaFuOFh5fQXwdiEaUx,Kept notes & logged key actions,Asked for stakeholders to agree to key actions during meeting,Followed up meeting with a email summary including assigned actions,Pointed out when 15 minutes remaining in meeting,Define an agenda and circulate it before a meeting,Review attendee list and keep it only to stakeholders necessary,Start meeting on time & verbally run through the agenda and set of goals for the meeting,,,,5,5,3,2025-12-22T14:24:56.063Z
6773ea482c488f0e35bd7b5c,rikDrrsqDCDVl2fyJaQX,Planning,Reminers and prior notice,Agenda Outline,,,,,,,,7,5,7,2025-12-22T14:33:30.857Z
6775d2dc10021f9d74ab65aa,vEGFKncr2m4VY7rcOQcg,Presentation planning and distribution ahead of meeting,Structured agenda with timings,Dedicated Q&A at end to avoid disruptions during meeting,Ensure meeting notes are sent out after meeting,Consider attendees more carefully ,,,,,,4,4,3,2025-12-22T15:12:50.276Z
67767fa1109a4fa47a64748d,XJXBaNxPYxQtojedSILR,Defined an objective or single task I was explaining,"Kept it direct, on task and to the point",Use humour,Take notes & follow-up objectives,,,,,,,3,4,2,2025-12-23T01:19:33.599Z
6776c927f9dc484f730bf614,gTBQqu3NwWwyK8X867N1,Highlighted the meeting agenda ,I actively facilitated the discussion,"I ended the meeting by summarizing key decisions, action items, next steps and action required ",Ensure the meeting involves the right people,,,,,,,7,7,7,2025-12-22T08:03:57.293Z
67781ffd92663e6f547722fd,xtcgr3JI4ZEzqbLkfTeE,agenda,reason,exploiration,,,,,,,,6,7,4,2025-12-22T13:52:25.923Z
6779c8fd10ec19bf89b5f9d8,9XetjeoSenaRnLl5ymQu,Set the meeting strategy at start.,set clear goals,always end meeting on time to avoid laziness,allocate defined time to each task,To stick to a clear plan and make amendments if necessary only,,,,,,6,5,5,2025-12-22T10:07:12.938Z
677cb7bf838dfe3cab0a0bac,jsdSA70m5p0djFd2szsG,Sending an agenda ahead of time,,,,,,,,,,6,6,6,2025-12-20T01:23:53.037Z
677e66aeda5ddb35145c52eb,cShAYleSwiosLpWn3Arw,I wrote down the key topics we needed to adress,I allocated time to the topics so that we could be time cautious ,I appointed different people to lead discussions on specific topics,Avoid having meetings that discuss routine activities,,,,,,,6,7,6,2025-12-22T05:29:03.263Z
677edcc906221d9231bd83d7,5hMKGAtJV60gWywdkVFn,Pre-meeting email,Whiteboard,Graphics and Slideshow,No meetings for updates only,,,,,,,5,3,3,2025-12-20T07:54:47.570Z
67803a05b60a2727e9fa85b4,vTRC3V5QmDGiy5xyYcuf,Set a clear agenda and goals in advance  ,Started and ended on time,Encouraged participation from everyone,Kept discussion focused on key topics,"Used clear, simple language to avoid confusion",Summarized decisions and next steps before closing,,,,,7,6,6,2025-12-20T01:06:26.739Z
6784cd4c648d7fe55ab2ff24,AO7vu03lLJOaFlix2W7W,"Be more selective about whos invited, only people who actually add value, not bodies to fill chairs.","Be stricter about whether a meeting is even necessary. If its just updates, its an email",Actively shut down complaining and side conversations before they spread,"Build in a quick follow up, send notes immediately and ask for brief feedback on whether the meeting was worth it",,,,,,,6,7,5,2025-12-19T23:11:48.816Z
6786d7955dfbf40eae7ed3d9,V270sYsAo6VccSZwdn47,Audience participation,Meeting pre planning agenda and employee participation list,Better de-briefing notes and follow-up actions,Seek meeting feedback throughout the year,Keep meeting size small,Hold meetings only when necessary,Keep meetings concise and timely,Avoid distractions and encourage participants to also avoid distractions,,,7,7,6,2025-12-22T07:58:25.453Z
678850e350af39b7032dd102,HvVTCjwKsAkSuyrRLs2S,Evaluate whether the meeting is truly necessary,Be more intentional about who is invited,Actively manage meeting dynamics during the discussion,Follow up more deliberately after the meeting,,,,,,,6,7,6,2025-12-19T19:41:19.898Z
678951eaacd3135a38c86ec9,bhwmM4fAfbMOm0FBhbOc,define the purpose,being intentional,inviting the right people,stick to the agenda,start and end on time,,,,,,7,7,5,2025-12-21T11:08:50.362Z
67895c8702d2c30bde3af96c,Bj1hgRwrOPIcDo8RCYnJ,I created an agenda for my direct reports to populate. So they can giv me updates on performance. Pus we would all talk through updates and discuss solutions etc,I will review the meetings I conduct based on the advice in the article and advice from AI chatbot,i will share the article with my managers and they can review their meetinsg,,,,,,,,6,6,4,2025-12-23T08:57:09.114Z
678b8b6f4d1425ef3b30bd32,FxLXSfgHk63ekpllvaPX,Preparation and planning ,Share an agenda,Agree purpose and expected outcomes,Keep to timings,Use transcription and share actions,"Have a solid, short slide deck",,,,,2,2,2,2025-12-22T17:41:15.152Z
678f46cd0f21903076471f34,rQzSxlfMCL9HFZ0ovOyH,Effective ,Strategic ,Straightforward ,,,,,,,,5,4,5,2025-12-21T21:50:48.892Z
67a42f4cbca316730e66e3d8,VhDrqLHGbdJaX2lWmuEx,begin with questioning the groupon what they want to see,ask how they feel about the meeting and If they would like to add any details,,,,,,,,,3,4,4,2025-12-21T20:32:00.135Z
67a54503a9d38ce3140394eb,nCWbOOz8Wai8iS6aJ10q,Planned an agenda ahead of time,Planned roles with two others to make sure meeting stayed on track,"Distributed agenda, with timings, and request for comments",Kept participant numbers to minimum needed,"At beginning of meeting, repeated roles, timings,  + objectives","Pre-distribution of materials, including decisions to be made ",Minimise laptop and phone use during meeting,,,,5,6,5,2025-12-22T16:11:55.612Z
67ab5b2e65c4823c805570d4,tiUhHZB6spOO4517y3JP,Attentiveness,Timeliness,Immediate Feedback,,,,,,,,4,4,4,2025-12-19T21:39:01.019Z
67ad2a2a71895bd3ece87c4d,aZ93qiCYwa8LPFELiUVR,Sharing the agenda for the meeting in advance,Engagement of participants in the meeting,Time management ,Summarising the discussed items,Carrying out meetings in an environment that is conducive ,,,,,,7,7,2,2025-12-22T08:58:07.719Z
67bc827bda4f8e3244e03c7a,rntSNbheN3YYodbxUZls,Agenda,Inviting the right people,Expectations,Pre reading,Time limit,ensuring minutes and actions are distributed promtly,,,,,6,6,6,2025-12-22T08:24:00.624Z
67c03df83a4809152545cabd,ooXFsSRCrikOU1OpO6jr,Presentation slides,Giving examples,Asking for questions and answering,Asking questions to check attention and encourage user participation,,,,,,,6,5,6,2025-12-22T03:42:28.629Z
67c4cf035a34c6ef254906e2,rjtOs4RpBoUQIrpmQPcw,Set a clear agenda for the meeting,Initiate formidable ways to facilitate effective meeting,Select the members who are really qualified for the meeting,,,,,,,,6,7,7,2025-12-22T10:15:45.040Z
67cb40e5562e803bd6532a64,UUhR0FbQb4iEdB6UIKId,leveraged Notebook LM to summarize big documents,agenda and norms,,,,,,,,,6,6,6,2025-12-20T03:03:18.776Z
67d443ba0bb671a8f2a938a7,YR09eZzcmylRbTIUZiiA,I circulated a structured agenda to all attendees beforehand so everyone understood the meeting's primary objectives.,I implemented strict timekeeping for each discussion point to ensure we addressed every item without going over schedule.,I formally summarized the key decisions and assigned specific action items to individuals before concluding the session.,,,,,,,,6,6,6,2025-12-22T10:15:41.709Z
67d97337faf4d981fef4baed,5KEpz5S0K9USZ6m5hPho,clear genda,agenda and key points in writing,involve team leaders,follow thru with meeting minutes ,ask for feedback ,,,,,,6,6,4,2025-12-21T13:15:11.214Z
67e43d3171f3338caa047245,TF70dxGQvRBy9zNSiEEE,assigning owners,sticking to the agenda,few agenda points,focused on outcomes,Cameras on,,,,,,6,6,2,2025-12-22T09:22:39.962Z
67e80fd6ef19882569cf49d3,zul7BS6UVOjxLv04IpEV,Reviewed agenda ahead of meeting to be prepared to go over content and answer questions,Delegated assignments to others to research and be prepared to review in meeting,Stated expected outcomes ahead of meeting to insure we stayed on track,Gave each participant opportunity to speak and add to conversation,Timely follow up on questions and assignments from meeting as well as getting meeting minutes out timely,,,,,,6,6,5,2025-12-19T20:12:02.690Z
67ee45a8f90e9989ba22c24a,SiLKhIfXBiGUDmi0DBaB,We started the meeting by explicitly stating the goal and the time we would end.. ,Sent out a clear agenda with specific discussion points and desired outcomes two days in advance,"adding a 5 minutes slot at the end to summarize action items, assign owners on the spot, and commit to sending minutes out within the hour.",,,,,,,,6,7,5,2025-12-20T01:50:29.046Z
67f0440c8c9c5d41005a7beb,YT3i3gAP1WLRNTYQOb6j,No Complaints Unless YOU can recommend a serious solution ,,,,,,,,,,5,5,4,2025-12-22T00:16:33.283Z
67fc2265467c0ab6f8114ce2,WMT5DoIlhzKjKnM7DIle,Ensured relevant content to supporting daily learning.,"Included mix of styles active, listening, individual and group elements to meeting. ",Initial brainstorm to see staffs understanding.,Feedback session at end to check in on present understanding and to gauge whether further meeting required. ,Ensure technology is fit for purpose,Consider time and length of meetings ,,,,,6,6,3,2025-12-22T07:17:54.181Z
68379f3fafa634a21d761586,BQITsy3EEbsTjEhS1E49,Distributed a clear agenda and pre-read materials 24 hours in advance.,Assigned a timekeeper to ensure each agenda item stayed on track,Started the meeting by stating the goal and desired outcomes.,Used a shared digital whiteboard for real-time brainstorming and note-taking.,"Ended with a clear summary of action items, owners, and deadlines.",Invite only necessary attendees with relevant expertise.,Start the meeting on time and discourage lateness.,Actively discourage complaining and redirect negative cycles early.,Encourage humor and positive interaction to stimulate constructive behaviors.,Send meeting minutes immediately after the meeting.,6,7,6,2025-12-19T21:37:55.548Z
68729361bee62f6a3fb232ec,hbUDZxQfijMpQuAd1OCr,Attentive listening when each person is presenting,Invite effective employees and stating the length of the meeting.,Recording meeting behaviour to help in scheduling future ones.,,,,,,,,7,7,6,2025-12-22T11:17:16.217Z
6888f9158ab561d6bbcf7466,gOR9nNNgKOlxU5uT7kBk,Visual cues,Milestones to check in at,Agenda to follow,"Invite targeted, specifically necessary people",Write actions and minutes afterwards to follow through on the meetings contents,,,,,,7,7,6,2025-12-22T11:37:51.189Z
68964d2d26b7f42954329beb,yxMHXCvgbmWEWWowNBGT,Objectives,Summary key points,Immediate distribution of minute meetings and next actions,Requesting attendance of key staff required only,,,,,,,6,6,5,2025-12-23T11:21:47.613Z
691e376dcd6e82882b5f5a3f,DiW5Pw5XfC85TnG2M0V3,Stay on Track not have side conversations,Make sure I stick to my objective,For an intro(or send before my meeting) bullet points of what I will be talking about,After the meeting send out my bullet points with any notes made during the meeting so people remember the meeting better,,,,,,,5,6,6,2025-12-21T20:18:06.154Z
692632a21e521046ef338590,W1SBmO6MrR4UR9BC4HCW,Set an agenda with items to review,Call on attendees who haven't contributed to the conversation yet to make sure they're heard,Ask probing questions to get any answers I need,Send a summary of notes to indicate follow-through,Set and stick to a shorter time that matches the contents of the meeting,,,,,,7,7,5,2025-12-21T06:28:25.496Z
692c55a22b643604a1e5b2b7,XwWZCGyQQSeFkocDmgmk,Brought an itinerary,Assigned tasks,Following up after,Select key individuals ,,,,,,,4,5,2,2025-12-19T19:47:11.644Z
693aef92856f8d2a01f593f7,ufRqfNVBvdoZYtHNEnX4,Visuals,Tutorials on the software,Walked through the program myself,Send the meeting documentation,Leave email for any questions,,,,,,6,7,3,2025-12-20T00:47:30.496Z
6941548fbd8b79fcf75cacc7,PyQSFYRACnmZ327LJ3Sf,I led a meeting with our team to finalize a bid we were about to submit for a contract job.  Each person was responsible for bidding their part of the job.  We put all our numbers together to submit the quote as a whole number. ,I would outline what needs to be addressed in the meeting and also outline how long the meeting should take.  I would also follow up after the meeting to make sure all tasks were being acted upon. ,,,,,,,,,7,7,7,2025-12-21T03:08:55.859Z
69416d053e537e4d1c275a3f,7RIAuUfQAT59acqQSzIw,Prepare and share agenda,Invite necessary attendees,Take meeting notes,,,,,,,,1,1,1,2025-12-21T19:44:14.424Z
69416d24e3dadef069de4f83,ShJc9mrZWHRzh5UgjDOd,mixed media presentation,food,start on time,have an agenda,carefully choose only who needs to be there,,,,,,6,6,5,2025-12-21T18:36:11.055Z
69416e7b2145d97eb0f931cb,t4xpjqvuAis39d4xafV7,I used a PowerPoint presentation ,,,,,,,,,,5,5,5,2025-12-21T18:30:33.026Z
69417dc7901519e2a9fb47a9,ljem8kmG3T6tEAvHjp6z,I had a high level agenda in the meeting invite (bullet points),Started the meeting with a clear high level overview of what we were meeting for and what we would try to accomplish,Redirected convos that go sideways or off topic ,Start meetings on time and be sure to redirect/bring the convo to a conclusion to make sure it ends on time,Encourage quieter people to speak up ,Call people out by name to encourage participation,Watch for people who appear to be multitasking/not pay attention ,,,,6,6,5,2025-12-21T14:09:31.348Z
6942d12e93e20e19d2db3d33,SJdrosRtMQopXnAP45ya,I facilitated discussion between employees. ,I made the meeting meaningful by sharing information and allowing discussion to get feedback that I wouldn't be able to get just by email,,,,,,,,,7,7,7,2025-12-21T17:54:59.829Z
69438d3b4d5b93c9428698fc,JYDRJJZw4WrXh6vArdzT,safety,prodedures,,,,,,,,,7,7,7,2025-12-21T19:14:28.138Z
6943e48fc43c953025c04e37,jOEnCNt6tSr6hs6aDrmV,"I use a lot of eye contact to ensure everyone is paying attention and to ensure everyone is understanding what Im discussing. If i notice perhaps there is some confusion or discord, ill ask if anyone needs me to further elaborate what Im saying or if anyone has any suggestions which might help us reach our goal.","Id set a timeline. If its an essential meeting, id make sure to stick to the key points. Ask my coworkers for suggestions. After the meeting, id ask about how confident everyone was feeling about what was discussed.",,,,,,,,,4,5,6,2025-12-21T15:18:52.826Z
694431339a077d45591b4e21,cFMu8VQzrjVRczEI1AAE,agenda with times,humor,,,,,,,,,5,7,5,2025-12-20T23:09:20.210Z
6944bbd7ad3276bb1858ede4,AyLOp2ODV5x4FePqZTHC,Repetition,Humor,Positivity,Outline events,,,,,,,6,6,5,2025-12-22T00:25:41.491Z
694555b4beadda60a5901ec0,rjW7eqqZYDMen6bQAysY,Define a desired outcome,Set an agenda with clear time management,Make sure everyone understands meeting jargons,,,,,,,,5,6,4,2025-12-19T19:03:52.670Z
6945d3294c8cf5eefa76293a,vKRUqjLDIc2Ko35I79BS,Formed an agenda ahead of time,Said the purpose of the meeting and laid the agenda at the beginning,Asked that we talk in turn,Asked if there was anything else before moving onto each new item,Summarized with to-dos at the end,Send out meeting notes,Think about who is necessary for the meeting,,,,6,6,2,2025-12-21T17:17:15.104Z
6945f1dfce339124a8978f18,lYTroD6T6pRDE24psFlC,Having a visual slideshow,Only have relevant people present,stick to an agenda,be timely,,,,,,,5,5,5,2025-12-21T00:24:40.465Z
65b8b2bf8b3905b0efcb0fd3,qkIhuXZUZ1BhWPjhoECv,sent an agenda inadvance with clear goals,ssked direct questions to involve quiet member,,,,,,,,,4,7,6,2025-12-19T14:22:47.411Z
