Submission id,Participant id,Status,Custom study tncs accepted at,Started at,Completed at,Reviewed at,Archived at,Time taken,Completion code,Total approvals,Age,Sex,Ethnicity simplified,Country of birth,Country of residence,Nationality,Language,Student status,Employment status
69459a69d7b6d7086cb3fa51,694555b4beadda60a5901ec0,AWAITING REVIEW,Not Applicable,2025-12-19T18:33:16.837000Z,2025-12-19T19:05:21.713000Z,,2025-12-19T19:05:22.060516Z,1925.0,CNST1ELE,2,29,Male,Black,United States,United States,United States,English,No,Full-Time
69459aa8019473d8fccbd16d,65b8b2bf8b3905b0efcb0fd3,AWAITING REVIEW,Not Applicable,2025-12-19T18:35:15.504000Z,2025-12-19T19:33:25.690000Z,,2025-12-19T19:33:26.030898Z,3491.0,CNST1ELE,1036,49,Male,White,Slovenia,United States,United States,English,Yes,Full-Time
69459d11e5088e5640f3ba1a,66d921d24ea620ae6b29d74b,AWAITING REVIEW,Not Applicable,2025-12-19T18:44:39.097000Z,2025-12-19T20:05:25.247000Z,,2025-12-19T20:06:06.000328Z,4847.0,CNST1ELE,1889,60,Female,Black,United States,United States,United States,English,No,Full-Time
69459db968064093f17e02c1,5f4ae7cb6b68b56c2acb12c8,AWAITING REVIEW,Not Applicable,2025-12-19T18:47:25.813000Z,2025-12-19T19:32:08.020000Z,,2025-12-19T19:32:08.414133Z,2683.0,CNST1ELE,1694,45,Female,White,United States,United States,United States,English,No,Full-Time
69459e6aaf16ffc1fbcdf941,6740b01583cadef1afebeb9d,AWAITING REVIEW,Not Applicable,2025-12-19T18:50:24.826000Z,2025-12-19T19:25:18.454000Z,,2025-12-19T19:25:18.813747Z,2094.0,CNST1ELE,613,37,Male,Black,United States,United States,United States,English,No,Full-Time
69459ecd5defea5e83fc00e1,672eeebde600098b4b65d4a8,AWAITING REVIEW,Not Applicable,2025-12-19T18:52:07.405000Z,2025-12-19T19:32:30.007000Z,,2025-12-19T19:32:30.352917Z,2423.0,CNST1ELE,1492,63,Female,White,United States,United States,United States,English,Yes,Full-Time
6945a04d242bfcdf46051dc1,5a068d5b074b190001251791,AWAITING REVIEW,Not Applicable,2025-12-19T18:58:25.838000Z,2025-12-19T19:28:25.556000Z,,2025-12-19T19:28:25.978950Z,1800.0,CNST1ELE,1735,42,Male,White,United States,United States,United States,English,No,Full-Time
6945a2187b28799a0adbe74b,678850e350af39b7032dd102,AWAITING REVIEW,Not Applicable,2025-12-19T19:06:42.032000Z,2025-12-19T19:50:47.741000Z,,2025-12-19T19:50:48.082857Z,2646.0,CNST1ELE,1070,43,Female,White,United States,United States,United States,English,No,Full-Time
6945a32dc6fbb543b9f1b012,66708fa4dfe022dbed4cae9c,AWAITING REVIEW,Not Applicable,2025-12-19T19:10:40.277000Z,2025-12-19T20:03:52.082000Z,,2025-12-19T20:03:52.447474Z,3192.0,CNST1ELE,356,22,Female,Mixed,United States,United States,Lao People's Democratic Republic,English,Yes,Full-Time
6945a3c1f35fefed78f86dc3,66beb7a1951f8a18b03cd9c5,AWAITING REVIEW,Not Applicable,2025-12-19T19:13:22.331000Z,2025-12-19T20:06:19.565000Z,,2025-12-19T20:06:19.909927Z,3178.0,CNST1ELE,626,22,Male,White,United States,United States,United States,English,Yes,Full-Time
6945a519a6a3a8d695065dcf,692c55a22b643604a1e5b2b7,AWAITING REVIEW,Not Applicable,2025-12-19T19:20:11.974000Z,2025-12-19T19:50:10.105000Z,,2025-12-19T19:50:10.473711Z,1799.0,CNST1ELE,115,30,Male,White,United States,United States,United States,English,No,Full-Time
6945a54fafc946537a53aa56,67ab5b2e65c4823c805570d4,AWAITING REVIEW,Not Applicable,2025-12-19T19:28:43.751000Z,2025-12-19T21:02:35.112000Z,,2025-12-19T21:40:48.120628Z,5632.0,CNST1ELE,739,61,Female,White,United States,United States,United States,English,No,Full-Time
6945a66e044ac6d7cb9202e3,64012ee6e3f2e59aaa36f718,AWAITING REVIEW,Not Applicable,2025-12-19T19:25:12.666000Z,2025-12-19T20:10:45.562000Z,,2025-12-19T20:10:45.906874Z,2733.0,CNST1ELE,873,27,Female,Black,United States,United States,United States,English,No,Full-Time
6945a6a776264acf96de53c7,672501c7bc2f7f52114f2a5e,AWAITING REVIEW,Not Applicable,2025-12-19T19:25:33.231000Z,2025-12-19T20:03:12.752000Z,,2025-12-19T20:03:43.662618Z,2260.0,CNST1ELE,884,60,Female,White,United States,United States,United States,English,No,Full-Time
6945a8b8e3518f0a99527f16,66b2c7262f4631f5eea8e729,AWAITING REVIEW,Not Applicable,2025-12-19T19:34:21.165000Z,2025-12-19T20:33:10.789000Z,,2025-12-19T20:33:11.165205Z,3530.0,CNST1ELE,950,28,Female,Black,United States,United States,United States,English,Yes,Full-Time
6945a900a54c767520dd5081,67449b2d46dfbc02a0f083b3,AWAITING REVIEW,Not Applicable,2025-12-19T19:44:27.025000Z,2025-12-19T20:35:53.549000Z,,2025-12-19T20:35:53.917619Z,3087.0,CNST1ELE,790,47,Male,White,United States,United States,United States,English,No,Full-Time
6945a9406e13df632b53ff89,6724d3673a5391f6e028d659,AWAITING REVIEW,Not Applicable,2025-12-19T19:36:41.188000Z,2025-12-19T20:16:47.023000Z,,2025-12-19T20:16:47.421647Z,2406.0,CNST1ELE,1384,71,Female,White,United States,United States,United States,English,DATA_EXPIRED,Full-Time
6945a9c05f1208ebfa82906c,67e80fd6ef19882569cf49d3,AWAITING REVIEW,Not Applicable,2025-12-19T19:38:47.615000Z,2025-12-19T20:15:05.626000Z,,2025-12-19T20:15:05.973681Z,2179.0,CNST1ELE,843,52,Female,White,United States,United States,United States,English,No,Full-Time
6945aa4c6d3ff8283566945b,6727e176e5f011b020a6a2db,AWAITING REVIEW,Not Applicable,2025-12-19T19:41:13.302000Z,2025-12-19T20:10:47.039000Z,,2025-12-19T20:10:47.386071Z,1774.0,CNST1ELE,1060,34,Male,White,United States,United States,United States,English,No,Full-Time
6945b3820c2ae3a0b76a34b1,5d9b7c7efaa2860364b16476,AWAITING REVIEW,Not Applicable,2025-12-19T20:20:22.132000Z,2025-12-19T20:51:29.231000Z,,2025-12-19T20:51:29.617449Z,1868.0,CNST1ELE,1802,36,Male,White,United States,United States,United States,English,No,Full-Time
6945b39c6fd53270ca4ddc9a,675a69d88d29359682bcd4ec,AWAITING REVIEW,Not Applicable,2025-12-19T20:20:48.488000Z,2025-12-19T20:59:35.036000Z,,2025-12-19T20:59:35.399148Z,2327.0,CNST1ELE,1855,52,Female,White,United States,United States,United States,English,No,Full-Time
6945b3f1c057c74136f1b6df,66a819b2c3eb66cffc47e808,AWAITING REVIEW,Not Applicable,2025-12-19T20:22:13.581000Z,2025-12-19T20:56:26.279000Z,,2025-12-19T20:56:26.636577Z,2053.0,CNST1ELE,1783,41,Female,White,United States,United States,United States,English,No,Full-Time
6945b59e62053618ce1a96ac,6722ceb13a02b06603b7b285,AWAITING REVIEW,Not Applicable,2025-12-19T20:30:39.889000Z,2025-12-19T21:10:57.812000Z,,2025-12-19T21:11:13.540115Z,2418.0,CNST1ELE,1781,45,Female,Black,United States,United States,United States,English,No,Full-Time
6945b9035b6a23f33633f3df,65706b89d4c6c32963d258e8,AWAITING REVIEW,Not Applicable,2025-12-19T20:43:52.457000Z,2025-12-19T22:01:46.318000Z,,2025-12-19T22:01:46.657976Z,4674.0,CNST1ELE,455,65,Female,Black,United States,United States,United States,English,No,Full-Time
6945bd3d440de6eea7fbf6bc,68379f3fafa634a21d761586,AWAITING REVIEW,Not Applicable,2025-12-19T21:06:10.973000Z,2025-12-19T21:42:55.233000Z,,2025-12-20T08:59:36.065437Z,2205.0,CNST1ELE,1610,27,Male,White,United States,United States,United States,English,No,Full-Time
6945be0da8d2878f26fa59ae,654142b51c0cbebefa6f3ea0,AWAITING REVIEW,Not Applicable,2025-12-19T21:05:56.860000Z,2025-12-19T21:40:44.330000Z,,2025-12-19T21:40:44.693267Z,2088.0,CNST1ELE,1248,35,Female,White,United States,United States,United States,English,No,Full-Time
6945be27f0407a800a183222,66ba2139a67c5c99778a6766,AWAITING REVIEW,Not Applicable,2025-12-19T21:05:46.059000Z,2025-12-19T21:38:50.748000Z,,2025-12-19T21:38:51.121060Z,1985.0,CNST1ELE,188,29,Female,Asian,United States,United States,United States,English,No,Full-Time
6945c10ed2d826f914b9b7da,659d4aadab2eb6b7a8cffb07,AWAITING REVIEW,Not Applicable,2025-12-19T21:18:11.679000Z,2025-12-19T22:21:03.083000Z,,2025-12-19T22:21:03.428121Z,3772.0,CNST1ELE,444,51,Female,Black,United States,United States,United States,English,No,Full-Time
6945c9fd14464b1e16ef117b,644695d12dd99a1712dd84c0,AWAITING REVIEW,Not Applicable,2025-12-19T21:56:18.645000Z,2025-12-19T22:31:23.379000Z,,2025-12-19T22:31:23.734068Z,2105.0,CNST1ELE,1039,55,Male,White,United States,United States,United States,English,No,Full-Time
6945ca5064e480313775ac78,6760f2ed5c7e5d977eb5bd54,AWAITING REVIEW,Not Applicable,2025-12-19T21:58:37.817000Z,2025-12-19T22:40:21.574000Z,,2025-12-19T22:40:21.952784Z,2504.0,CNST1ELE,1066,35,Male,White,United States,United States,United States,English,No,Full-Time
6945d254091b513be112ac3b,6673705315e1f2006697c6da,AWAITING REVIEW,Not Applicable,2025-12-19T22:31:55.408000Z,2025-12-19T23:06:03.905000Z,,2025-12-19T23:06:15.156966Z,2049.0,CNST1ELE,543,59,Male,White,United States,United States,United States,English,No,Full-Time
6945d33c2e84856b814de9f1,6784cd4c648d7fe55ab2ff24,AWAITING REVIEW,Not Applicable,2025-12-19T22:35:47.092000Z,2025-12-19T23:20:05.009000Z,,2025-12-19T23:20:05.334827Z,2658.0,CNST1ELE,1620,64,Male,White,United States,United States,United States,English,No,Full-Time
6945d36a04e6f635571ac261,5d9cb58ee8783f0019c8bd06,AWAITING REVIEW,Not Applicable,2025-12-19T22:36:35.610000Z,2025-12-19T23:31:09.610000Z,,2025-12-19T23:31:09.960843Z,3274.0,CNST1ELE,677,38,Female,White,United States,United States,United States,English,No,Full-Time
6945d443635cb1b195bb3493,5c4277ac1242910001bdbf1a,AWAITING REVIEW,Not Applicable,2025-12-19T22:40:06.752000Z,2025-12-19T23:07:06.928000Z,,2025-12-19T23:07:07.298020Z,1621.0,CNST1ELE,746,34,Female,White,United States,United States,United States,English,No,Full-Time
6945d5e606b9d106536fa528,670fb18f6f6ca0d7257a9302,AWAITING REVIEW,Not Applicable,2025-12-19T22:47:18.598000Z,2025-12-19T23:15:59.638000Z,,2025-12-19T23:15:59.988635Z,1722.0,CNST1ELE,962,71,Male,White,United States,United States,United States,English,No,Full-Time
6945dae5c1ecd290310a0c89,66882d9207bafe4863311ddc,AWAITING REVIEW,Not Applicable,2025-12-19T23:08:57.281000Z,2025-12-19T23:55:36.021000Z,,2025-12-19T23:55:36.354164Z,2799.0,CNST1ELE,266,30,Male,White,United States,United States,United States,English,No,Full-Time
6945db752b91be3faa9babed,672a0f49692a1a87ac2772da,AWAITING REVIEW,Not Applicable,2025-12-19T23:10:47.818000Z,2025-12-20T00:24:58.361000Z,,2025-12-20T00:24:58.708058Z,4451.0,CNST1ELE,573,24,Male,Mixed,United States,United States,United States,English,No,Full-Time
6945dd06f40b24139158ce90,67ed4f4554b89f3a5b5c13a7,AWAITING REVIEW,Not Applicable,2025-12-19T23:17:33.815000Z,2025-12-19T23:44:43.661000Z,,2025-12-19T23:44:44.004177Z,1630.0,CNST1ELE,848,37,Male,White,United States,United States,United States,English,No,Full-Time
6945dd207dc5c2f2abe9258f,67df453bc406da9f288f9656,AWAITING REVIEW,Not Applicable,2025-12-19T23:17:52.115000Z,2025-12-19T23:44:39.176000Z,,2025-12-19T23:44:39.531890Z,1608.0,CNST1ELE,885,28,Male,White,United States,United States,United States,English,No,Full-Time
6945dd75fe4f67407c57a9a8,67de01d3d44c6326661a7d33,AWAITING REVIEW,Not Applicable,2025-12-19T23:19:23.979000Z,2025-12-19T23:44:44.949000Z,,2025-12-19T23:44:45.356422Z,1521.0,CNST1ELE,1709,52,Male,White,United States,United States,United States,English,No,Full-Time
6945e8602577e4aa12ca7df0,676a2c97280c39f6edfd813e,AWAITING REVIEW,Not Applicable,2025-12-20T00:06:02.349000Z,2025-12-20T00:40:03.773000Z,,2025-12-20T00:40:04.127223Z,2042.0,CNST1ELE,1565,39,Female,White,United States,United States,United States,English,No,Full-Time
6945ea0725f9d04fe7effa6c,693aef92856f8d2a01f593f7,AWAITING REVIEW,Not Applicable,2025-12-20T00:12:58.862000Z,2025-12-20T00:48:47.515000Z,,2025-12-20T00:48:47.862122Z,2149.0,CNST1ELE,166,27,Male,Asian,United States,United States,United States,English,No,Full-Time
6945ee78aacbc598cd0a0c8b,67803a05b60a2727e9fa85b4,AWAITING REVIEW,Not Applicable,2025-12-20T00:31:58.843000Z,2025-12-20T01:10:16.344000Z,,2025-12-20T08:25:23.358633Z,2298.0,CNST1ELE,1412,29,Male,White,United States,United States,United States,English,DATA_EXPIRED,Full-Time
6945ef79dabf26ad29f35dad,5f95e7c5e49c564a01f040aa,AWAITING REVIEW,Not Applicable,2025-12-20T00:39:29.556000Z,2025-12-20T02:25:26.514000Z,,2025-12-20T02:25:34.786327Z,6357.0,CNST1ELE,215,37,Female,Black,United States,United States,United States,English,No,Full-Time
6945ef8c71fa3074386b3b5a,66366f1058966314508ed6e4,AWAITING REVIEW,Not Applicable,2025-12-20T00:36:36.272000Z,2025-12-20T01:19:15.509000Z,,2025-12-20T01:19:15.856083Z,2560.0,CNST1ELE,1618,55,Female,Black,United States,United States,United States,English,No,Full-Time
6945f42ca54c767520dd567d,677cb7bf838dfe3cab0a0bac,AWAITING REVIEW,Not Applicable,2025-12-20T00:56:15.011000Z,2025-12-20T01:25:44.988000Z,,2025-12-20T01:25:45.341719Z,1770.0,CNST1ELE,929,32,Female,White,United States,United States,United States,English,No,Full-Time
6945f63350e31375c62f5b0a,67ee45a8f90e9989ba22c24a,AWAITING REVIEW,Not Applicable,2025-12-20T01:04:55.699000Z,2025-12-20T01:55:35.750000Z,,2025-12-20T01:55:36.129438Z,3041.0,CNST1ELE,926,22,Male,White,United States,United States,United States,English,No,Full-Time
6945fcf8715cad523f934161,66e3151584ce7d01596d194a,AWAITING REVIEW,Not Applicable,2025-12-20T01:33:48.725000Z,2025-12-20T02:22:21.846000Z,,2025-12-20T02:22:22.205654Z,2914.0,CNST1ELE,1865,35,Female,Black,United States,United States,United States,English,DATA_EXPIRED,Full-Time
694604a374f85f60a2552ac6,67cb40e5562e803bd6532a64,AWAITING REVIEW,Not Applicable,2025-12-20T02:06:33.295000Z,2025-12-20T03:05:52.798000Z,,2025-12-20T03:05:53.143126Z,3560.0,CNST1ELE,880,53,Male,White,United States,United States,United States,English,No,Full-Time
69460573b86d1cfb661027d8,66b9a0475a301eacdfb5e608,AWAITING REVIEW,Not Applicable,2025-12-20T02:10:00.985000Z,2025-12-20T02:40:11.927000Z,,2025-12-20T02:40:12.332522Z,1811.0,CNST1ELE,1361,33,Female,Black,Japan,United States,United States,English,No,Full-Time
6946067f8c6ea655f172f9ab,69433c650c16615381b1a0f8,AWAITING REVIEW,Not Applicable,2025-12-20T02:14:26.531000Z,2025-12-20T02:55:24.166000Z,,2025-12-20T02:55:24.506560Z,2458.0,CNST1ELE,29,26,Female,White,United States,United States,DATA_EXPIRED,English,No,Full-Time
6946090f9538ac8cb0ee1ee2,661dd11d5523e507da514925,AWAITING REVIEW,Not Applicable,2025-12-20T02:25:22.966000Z,2025-12-20T03:00:05.529000Z,,2025-12-20T03:00:05.867402Z,2083.0,CNST1ELE,1756,33,Male,Black,United States,United States,United States,English,No,Full-Time
69460decbb6c5c7038009867,6682c269b9b9b8b8bcdffa07,AWAITING REVIEW,Not Applicable,2025-12-20T02:46:11.597000Z,2025-12-20T03:24:26.633000Z,,2025-12-20T03:24:28.056835Z,2296.0,CNST1ELE,1848,43,Female,Mixed,United States,United States,United States,English,No,Full-Time
6946125a0c2ae3a0b76a3e37,676276312d87ec9601be7d5c,AWAITING REVIEW,Not Applicable,2025-12-20T03:05:04.345000Z,2025-12-20T04:24:07.541000Z,,2025-12-20T04:24:07.885714Z,4744.0,CNST1ELE,911,50,Female,White,United States,United States,United States,English,Yes,Full-Time
694615486bcc835e2a6ece5a,6760b0825ab03ca48d4fb0de,AWAITING REVIEW,Not Applicable,2025-12-20T03:17:35.283000Z,2025-12-20T03:56:38.759000Z,,2025-12-20T03:56:39.127725Z,2344.0,CNST1ELE,993,48,Male,White,United States,United States,United States,English,No,Full-Time
694628420682e5c0027c3c8e,669f1b414df434c089390389,AWAITING REVIEW,Not Applicable,2025-12-20T04:38:30.404000Z,2025-12-20T05:18:18.041000Z,,2025-12-20T05:18:18.371607Z,2388.0,CNST1ELE,1987,43,Female,White,United States,United States,United States,English,Yes,Full-Time
694629d3a693c107311739e1,66881fbe723bc57d75a2c268,AWAITING REVIEW,Not Applicable,2025-12-20T04:45:16.637000Z,2025-12-20T05:39:24.796000Z,,2025-12-20T05:39:25.158090Z,3249.0,CNST1ELE,787,60,Male,White,United States,United States,United States,English,No,Full-Time
69462b35035d083ee559070b,674696d5ad8d317b574a1344,AWAITING REVIEW,Not Applicable,2025-12-20T04:51:05.826000Z,2025-12-20T05:46:47.274000Z,,2025-12-20T05:46:47.633575Z,3342.0,CNST1ELE,936,39,Male,White,United States,United States,United States,English,No,Full-Time
69462bcca671796bac7d57b7,66bd73db3481a3d17695c23e,AWAITING REVIEW,Not Applicable,2025-12-20T04:53:38.912000Z,2025-12-20T05:53:38.480000Z,,2025-12-20T05:53:38.827564Z,3600.0,CNST1ELE,1698,32,Female,White,United States,United States,United States,English,No,Full-Time
69462e5c7344ddc6ec8937b2,668edb3b608a3d4537e2da08,AWAITING REVIEW,Not Applicable,2025-12-20T05:05:52.433000Z,2025-12-20T05:48:37.775000Z,,2025-12-20T05:48:38.141686Z,2566.0,CNST1ELE,1698,53,Male,White,United States,United States,United States,English,No,Full-Time
6946356b435b8015ea6998d9,63d023f75eaafe675b6fa5fd,AWAITING REVIEW,Not Applicable,2025-12-20T05:34:41.008000Z,2025-12-20T06:18:34.106000Z,,2025-12-20T06:18:34.555280Z,2634.0,CNST1ELE,1159,53,Female,White,United States,United States,United States,English,No,Full-Time
69464a5274f85f60a2552f47,6771ff8ec9ba55882b8c525c,AWAITING REVIEW,Not Applicable,2025-12-20T07:03:53.011000Z,2025-12-20T08:22:32.769000Z,,2025-12-20T08:22:33.130296Z,4720.0,CNST1ELE,692,26,Male,Black,United States,United States,United States,English,No,Full-Time
69464f3825f9d04fe7f00221,677edcc906221d9231bd83d7,AWAITING REVIEW,Not Applicable,2025-12-20T07:24:46.885000Z,2025-12-20T08:01:11.064000Z,,2025-12-20T08:01:11.406488Z,2185.0,CNST1ELE,1773,50,Female,White,United States,United States,United States,English,Yes,Full-Time
69465074df52cad0ed437d6b,67496dea4b9483e93cf9d117,AWAITING REVIEW,Not Applicable,2025-12-20T07:30:00.968000Z,2025-12-20T08:01:58.046000Z,,2025-12-20T08:01:58.440776Z,1918.0,CNST1ELE,1572,35,Male,White,United States,United States,United States,English,No,Full-Time
69465c84b7a4d191cf193bd1,6102053795bd9b55ab979a48,AWAITING REVIEW,Not Applicable,2025-12-20T08:21:27.986000Z,2025-12-20T09:33:34.097000Z,,2025-12-20T09:33:34.450942Z,4327.0,CNST1ELE,1580,28,Female,Other,United States,United States,Dominican Republic,English,No,Full-Time
694665b733183f6abf83f6b8,671d772447cf5a3419817702,AWAITING REVIEW,Not Applicable,2025-12-20T09:03:25.227000Z,2025-12-20T15:34:44.133000Z,,2025-12-20T15:34:44.524926Z,23479.0,CNST1ELE,1437,44,Male,Black,United States,United States,United States,English,No,Full-Time
69467ecfcdd0a92d8bd936f4,66f23f43364a3d1b7b018f27,AWAITING REVIEW,Not Applicable,2025-12-20T10:47:51.518000Z,2025-12-20T11:24:18.154000Z,,2025-12-20T11:24:27.202537Z,2187.0,CNST1ELE,1245,53,Female,Black,United States,United States,United States,English,No,Full-Time
69469212c9070d2f68dc6930,674aa67b13fcbfeda28a00ef,AWAITING REVIEW,Not Applicable,2025-12-20T12:12:45.213000Z,2025-12-20T12:54:01.891000Z,,2025-12-20T12:54:02.239771Z,2477.0,CNST1ELE,1181,38,Female,White,United States,United States,United States,English,No,Full-Time
69469369872b0a1281524778,5eb7c006b839846ea7a24178,AWAITING REVIEW,Not Applicable,2025-12-20T12:15:40.783000Z,2025-12-20T12:54:16.464000Z,,2025-12-20T14:00:29.527613Z,2316.0,CNST1ELE,1633,50,Male,White,United States,United States,United States,English,No,Full-Time
6946a44a822fe5ff66b6e9e5,66e4fc9c0c958246837a6941,AWAITING REVIEW,Not Applicable,2025-12-20T13:27:45.735000Z,2025-12-20T14:08:12.561000Z,,2025-12-20T14:08:12.957065Z,2427.0,CNST1ELE,1412,41,Female,White,United States,United States,United States,English,No,Full-Time
6946aec21a332e7b764383e2,65ef950203e4e8448c55e54c,AWAITING REVIEW,Not Applicable,2025-12-20T14:12:29.781000Z,2025-12-20T15:06:07.050000Z,,2025-12-20T15:06:07.450776Z,3218.0,CNST1ELE,669,49,Female,White,United States,United States,United States,English,No,Full-Time
6946b6bf38a857b56b6667d3,670da3fd0b8a2f7a542a2b24,AWAITING REVIEW,Not Applicable,2025-12-20T14:46:27.375000Z,2025-12-20T15:31:56.769000Z,,2025-12-20T15:31:57.166277Z,2730.0,CNST1ELE,1940,25,Female,White,United States,United States,United States,English,No,Full-Time
6946b93b19a36c3f622f1477,667634625cc34d5ac97492bf,AWAITING REVIEW,Not Applicable,2025-12-20T14:57:05.072000Z,2025-12-20T15:35:00.393000Z,,2025-12-20T15:35:00.745552Z,2276.0,CNST1ELE,689,52,Male,Black,United States,United States,United States,English,No,Full-Time
6946bacdf665939c2efb5fc8,66c8842e8667d7d2dd040001,AWAITING REVIEW,Not Applicable,2025-12-20T15:03:44.791000Z,2025-12-20T15:31:58.182000Z,,2025-12-20T15:31:58.537835Z,1694.0,CNST1ELE,1538,33,Male,White,United States,United States,United States,English,No,Full-Time
6946cc4f28ff13f6ad50f48a,6604b10d7328536e5d9bb9db,AWAITING REVIEW,Not Applicable,2025-12-20T16:18:27.730000Z,2025-12-20T16:57:38.501000Z,,2025-12-20T16:57:38.936370Z,2351.0,CNST1ELE,494,49,Female,Black,United States,United States,United States,English,No,Full-Time
6946e1a561f8588f70ffee60,6629396278644f7ca5e5d017,AWAITING REVIEW,Not Applicable,2025-12-20T17:49:30.244000Z,2025-12-20T18:26:07.167000Z,,2025-12-20T18:26:07.524995Z,2197.0,CNST1ELE,1128,57,Male,White,United States,United States,United States,English,No,Full-Time
6946e25025f9d04fe7f00cf4,66817f4754e17e6ec71a44b0,AWAITING REVIEW,Not Applicable,2025-12-20T17:52:21.295000Z,2025-12-20T18:31:13.254000Z,,2025-12-20T18:31:19.468064Z,2332.0,CNST1ELE,629,37,Female,White,United States,United States,United States,English,Yes,Full-Time
6946f456960f36118f922fd2,66f59c766e7e22e1f90d08f6,AWAITING REVIEW,Not Applicable,2025-12-20T19:10:11.198000Z,2025-12-20T19:46:31.162000Z,,2025-12-20T19:46:31.538132Z,2180.0,CNST1ELE,1213,36,Male,White,United States,United States,United States,English,Yes,Full-Time
6947206e82f75d8463930c86,5cde02d000d670000184ea3b,AWAITING REVIEW,Not Applicable,2025-12-20T22:17:23.998000Z,2025-12-20T22:56:11.105000Z,,2025-12-20T22:56:11.468535Z,2328.0,CNST1ELE,916,34,Female,White,United States,United States,United States,English,No,Full-Time
694724622681e4959c507728,694431339a077d45591b4e21,AWAITING REVIEW,Not Applicable,2025-12-20T22:34:14.291000Z,2025-12-20T23:14:18.778000Z,,2025-12-20T23:14:19.133495Z,2405.0,CNST1ELE,9,42,Female,White,United States,United States,United States,English,No,Full-Time
69472d0c07098cbde35c8120,651d623cbdcb675cb801bc79,AWAITING REVIEW,Not Applicable,2025-12-20T23:11:12.057000Z,2025-12-20T23:43:02.706000Z,,2025-12-20T23:43:03.112532Z,1911.0,CNST1ELE,1634,29,Female,White,United States,United States,United States,English,Yes,Full-Time
69472e069c3d19b3b2185504,67682f4bf87d300e646e7371,AWAITING REVIEW,Not Applicable,2025-12-20T23:15:22.621000Z,2025-12-20T23:51:25.157000Z,,2025-12-20T23:51:25.526765Z,2163.0,CNST1ELE,729,37,Female,White,United States,United States,United States,English,No,Full-Time
694735b9791274cf22fee39f,66293ded22cbde752a3bbee4,AWAITING REVIEW,Not Applicable,2025-12-20T23:48:14.969000Z,2025-12-21T00:21:43.974000Z,,2025-12-21T00:22:42.346497Z,2010.0,CNST1ELE,479,58,Female,White,United States,United States,United States,English,No,Full-Time
694736c4c43cf8580048322d,6945f1dfce339124a8978f18,AWAITING REVIEW,Not Applicable,2025-12-20T23:52:44.824000Z,2025-12-21T00:28:06.202000Z,,2025-12-21T00:31:28.711143Z,2122.0,CNST1ELE,4,49,Female,White,United States,United States,United States,English,No,Full-Time
69474bd54f89a1b9a66e9563,66c6b37d82e002e73e1fbd2d,AWAITING REVIEW,Not Applicable,2025-12-21T01:22:37.282000Z,2025-12-21T02:11:22.455000Z,,2025-12-21T02:11:22.832713Z,2926.0,CNST1ELE,1019,61,Female,Black,United States,United States,United States,English,No,Full-Time
69475a919c3d19b3b2185888,6941548fbd8b79fcf75cacc7,AWAITING REVIEW,Not Applicable,2025-12-21T02:25:24.896000Z,2025-12-21T03:11:58.139000Z,,2025-12-21T03:11:58.501286Z,2794.0,CNST1ELE,61,45,Male,White,United States,United States,United States,English,No,Full-Time
69475ecfec024e264378063b,65216075939674db7a47e7d0,AWAITING REVIEW,Not Applicable,2025-12-21T02:43:30.725000Z,2025-12-21T03:16:36.761000Z,,2025-12-21T03:16:37.150317Z,1987.0,CNST1ELE,1222,28,Female,White,United States,United States,United States,English,No,Full-Time
694774ffdedd11b70a02e854,65de3af8fcbc6ef9331bd863,AWAITING REVIEW,Not Applicable,2025-12-21T04:18:17.408000Z,2025-12-21T04:58:31.465000Z,,2025-12-21T04:58:31.822511Z,2415.0,CNST1ELE,1410,53,Female,White,United States,United States,United States,English,DATA_EXPIRED,Full-Time
6947753da014f6f376acb9f4,66bfe5ecc23f1e2109f144d6,AWAITING REVIEW,Not Applicable,2025-12-21T04:19:11.910000Z,2025-12-21T04:55:01.924000Z,,2025-12-21T04:55:02.316369Z,2151.0,CNST1ELE,763,28,Male,Asian,United States,United States,United States,English,No,Full-Time
694776bba47d482d85d6aa0e,672f0e017c32cf8dfb315424,AWAITING REVIEW,Not Applicable,2025-12-21T04:25:44.975000Z,2025-12-21T05:12:17.047000Z,,2025-12-21T05:12:17.405797Z,2793.0,CNST1ELE,292,37,Male,White,United States,United States,United States,English,No,Full-Time
69478c8e035d083ee55926a3,692632a21e521046ef338590,AWAITING REVIEW,Not Applicable,2025-12-21T05:58:42.384000Z,2025-12-21T06:31:14.515000Z,,2025-12-21T06:31:14.893926Z,1953.0,CNST1ELE,44,33,Female,Asian,United States,United States,United States,English,No,Full-Time
6947a2f58bbe74ba772a64d4,66e1fe0eef87e2486f0f4ca1,AWAITING REVIEW,Not Applicable,2025-12-21T07:34:18.709000Z,2025-12-21T08:46:27.330000Z,,2025-12-21T08:46:27.710968Z,4329.0,CNST1ELE,362,46,Female,White,United States,United States,United States,English,Yes,Full-Time
6947a44772971c116f064b63,668eec6ed561b72c282fc11a,AWAITING REVIEW,Not Applicable,2025-12-21T07:39:58.132000Z,2025-12-21T08:17:17.386000Z,,2025-12-21T08:17:17.744054Z,2240.0,CNST1ELE,989,32,Male,Black,United States,United States,United States,English,Yes,Full-Time
6947aba817f73b98b151423a,67191218806a2b419b243e5c,AWAITING REVIEW,Not Applicable,2025-12-21T08:11:24.831000Z,2025-12-21T08:52:12.439000Z,,2025-12-21T08:52:12.806288Z,2448.0,CNST1ELE,561,28,Female,White,United States,United States,United States,English,No,Full-Time
6947aeff920ccf53128cbaa4,614f7550e1d2a29137820173,AWAITING REVIEW,Not Applicable,2025-12-21T08:25:38.065000Z,2025-12-21T09:06:50.596000Z,,2025-12-21T09:06:50.987893Z,2473.0,CNST1ELE,1067,36,Female,Mixed,United States,United States,United States,English,No,Full-Time
6947b228b42343c2ffc66cb6,60d52a5dca16f851ab8b9b82,AWAITING REVIEW,Not Applicable,2025-12-21T08:39:39.635000Z,2025-12-21T09:20:59.862000Z,,2025-12-21T09:21:00.227366Z,2481.0,CNST1ELE,1948,42,Female,White,United States,United States,United States,English,No,Full-Time
6947ca78dc8abacc81b6f75f,678951eaacd3135a38c86ec9,AWAITING REVIEW,Not Applicable,2025-12-21T10:22:55.497000Z,2025-12-21T11:14:28.246000Z,,2025-12-21T15:18:14.466663Z,3093.0,CNST1ELE,1803,50,Female,Mixed,United States,United States,United States,English,No,Full-Time
6947d48bbb6c5c703800c06f,65f684e029d7c63f3338aed7,AWAITING REVIEW,Not Applicable,2025-12-21T11:05:54.136000Z,2025-12-21T11:45:16.457000Z,,2025-12-21T11:45:16.811116Z,2363.0,CNST1ELE,812,51,Female,White,United States,United States,United States,English,No,Full-Time
6947ea2e58091ace1f7d3f7e,67d97337faf4d981fef4baed,AWAITING REVIEW,Not Applicable,2025-12-21T12:39:57.020000Z,2025-12-21T13:20:28.783000Z,,2025-12-21T13:20:29.141265Z,2432.0,CNST1ELE,1267,51,Female,White,United States,United States,United States,English,No,Full-Time
6947eca9346962abfff4fb60,6703370d69c922c9c282ef5c,AWAITING REVIEW,Not Applicable,2025-12-21T12:48:46.364000Z,2025-12-21T13:28:09.886000Z,,2025-12-21T13:28:10.251804Z,2364.0,CNST1ELE,593,33,Female,White,United States,United States,United States,English,No,Full-Time
6947f5a826c2e53fb18434a5,69417dc7901519e2a9fb47a9,AWAITING REVIEW,Not Applicable,2025-12-21T13:27:09.521000Z,2025-12-21T14:12:44.437000Z,,2025-12-21T14:12:55.678957Z,2735.0,CNST1ELE,19,44,Female,Asian,United States,United States,United States,English,No,Full-Time
6948066e1c5ca1434297c637,5e6155e6f169c0046b6d6518,AWAITING REVIEW,Not Applicable,2025-12-21T14:38:43.654000Z,2025-12-21T15:18:17.066000Z,,2025-12-21T15:18:17.449189Z,2374.0,CNST1ELE,1940,34,Male,White,United States,United States,United States,English,No,Full-Time
694806ec3b87e50f4f5c8a46,6943e48fc43c953025c04e37,AWAITING REVIEW,Not Applicable,2025-12-21T14:40:53.499000Z,2025-12-21T15:23:43.491000Z,,2025-12-21T15:23:43.856532Z,2570.0,CNST1ELE,8,35,Female,White,United States,United States,United States,English,No,Full-Time
694819bc940f2558f36cdd66,66293e1a129d3f87aa344b26,AWAITING REVIEW,Not Applicable,2025-12-21T16:01:12.378000Z,2025-12-21T17:02:30.437000Z,,2025-12-21T17:02:30.796959Z,3679.0,CNST1ELE,1373,54,Male,White,United States,United States,United States,English,No,Full-Time
69482408ec024e2643781494,6945d3294c8cf5eefa76293a,AWAITING REVIEW,Not Applicable,2025-12-21T16:45:05.056000Z,2025-12-21T17:20:20.947000Z,,2025-12-21T17:20:21.333226Z,2116.0,CNST1ELE,10,28,Female,White,United States,United States,United States,English,Yes,Full-Time
69482857a44eed6d9ae74de7,69416e7b2145d97eb0f931cb,AWAITING REVIEW,Not Applicable,2025-12-21T17:03:24.560000Z,2025-12-21T18:33:50.557000Z,,2025-12-21T18:33:50.919791Z,5426.0,CNST1ELE,27,32,Female,Black,United States,United States,United States,English,No,Full-Time
69482dd42ea3cd0744217cff,6942d12e93e20e19d2db3d33,AWAITING REVIEW,Not Applicable,2025-12-21T17:26:48.407000Z,2025-12-21T17:57:30.260000Z,,2025-12-21T17:57:30.637104Z,1842.0,CNST1ELE,40,34,Female,White,United States,United States,United States,English,No,Full-Time
694837943c2dc9d1a351350d,69416d24e3dadef069de4f83,AWAITING REVIEW,Not Applicable,2025-12-21T18:08:24.708000Z,2025-12-21T18:38:18.267000Z,,2025-12-21T18:38:18.639806Z,1794.0,CNST1ELE,17,36,Female,White,United States,United States,United States,English,No,Full-Time
694839aa3b4406b2184f58ef,66f0457846752930b55150a3,AWAITING REVIEW,Not Applicable,2025-12-21T18:17:29.390000Z,2025-12-21T19:03:51.496000Z,,2025-12-21T19:04:12.256651Z,2783.0,CNST1ELE,670,48,Female,Black,United States,United States,United States,English,No,Full-Time
69484105a3174fa23287cd77,69438d3b4d5b93c9428698fc,AWAITING REVIEW,Not Applicable,2025-12-21T18:48:44.887000Z,2025-12-21T19:16:15.061000Z,,2025-12-21T19:16:15.436484Z,1651.0,CNST1ELE,22,29,Male,Other,United States,United States,United States,English,Yes,Full-Time
694847045f6327c9a0ec2034,69416d053e537e4d1c275a3f,AWAITING REVIEW,Not Applicable,2025-12-21T19:14:35.502000Z,2025-12-21T19:46:25.581000Z,,2025-12-21T19:46:25.960258Z,1911.0,CNST1ELE,60,39,Male,White,United States,United States,United States,English,No,Full-Time
69484e50169a877c13065a1f,691e376dcd6e82882b5f5a3f,AWAITING REVIEW,Not Applicable,2025-12-21T19:45:27.585000Z,2025-12-21T20:22:35.578000Z,,2025-12-21T20:22:35.913586Z,2228.0,CNST1ELE,197,30,Female,White,United States,United States,United States,English,Yes,Full-Time
69484f8123d168aa69d6481a,6746e74a384ba0891f6de321,AWAITING REVIEW,Not Applicable,2025-12-21T19:50:29.478000Z,2025-12-21T20:21:12.672000Z,,2025-12-21T20:21:13.030388Z,1844.0,CNST1ELE,325,33,Male,White,United States,United States,United States,English,Yes,Full-Time
69485159de84b53327e45457,67a42f4cbca316730e66e3d8,AWAITING REVIEW,Not Applicable,2025-12-21T19:58:25.381000Z,2025-12-21T20:35:58.567000Z,,2025-12-22T20:30:51.886684Z,2254.0,CNST1ELE,323,36,Female,White,United States,United States,United States,English,No,Full-Time
694857cfde84b53327e45517,660477cf6f52f75e86f4f349,AWAITING REVIEW,Not Applicable,2025-12-21T20:25:53.624000Z,2025-12-21T21:15:05.692000Z,,2025-12-21T21:15:06.039132Z,2953.0,CNST1ELE,179,27,Female,Mixed,United States,United States,United States,English,No,Full-Time
69485fcf87ad9854df9a77c8,67367a40e4abdcfbbaa00bcc,AWAITING REVIEW,Not Applicable,2025-12-21T21:00:04.875000Z,2025-12-21T21:44:48.171000Z,,2025-12-21T21:45:11.346507Z,2684.0,CNST1ELE,91,38,Male,Other,United States,United States,United States,English,Yes,Full-Time
6948643a1c2b267f8bfa27eb,678f46cd0f21903076471f34,AWAITING REVIEW,Not Applicable,2025-12-21T21:18:54.305000Z,2025-12-21T21:53:02.017000Z,,2025-12-21T21:53:02.381694Z,2048.0,CNST1ELE,787,30,Male,White,United States,United States,United States,English,No,Full-Time
694866bb1ed203be7ccba681,667e3c908dfe54c0973bbe34,AWAITING REVIEW,Not Applicable,2025-12-21T21:29:41.097000Z,2025-12-21T22:05:35.803000Z,,2025-12-21T22:05:36.170343Z,2155.0,CNST1ELE,1217,51,Female,Black,United States,United States,United States,English,No,Full-Time
6948722b37a1975221623948,60c75879fdf6194f658272fb,AWAITING REVIEW,Not Applicable,2025-12-21T22:18:22.923000Z,2025-12-21T22:57:15.251000Z,,2025-12-21T22:57:15.630154Z,2333.0,CNST1ELE,355,24,Female,White,United States,United States,United States,English,Yes,Full-Time
694879473c4191052ca9eb64,66c36df59f1061046b7ea01b,AWAITING REVIEW,Not Applicable,2025-12-21T22:48:47.072000Z,2025-12-21T23:32:00.692000Z,,2025-12-21T23:32:01.066159Z,2594.0,CNST1ELE,1586,43,Male,White,United States,United States,United States,English,No,Full-Time
69487a771b4a1b5642f2e069,6750963f80dc9a9b834ddbbe,AWAITING REVIEW,Not Applicable,2025-12-21T22:53:47.106000Z,2025-12-21T23:24:02.384000Z,,2025-12-21T23:24:02.723086Z,1816.0,CNST1ELE,919,36,Female,Mixed,United States,United States,United States,English,No,Full-Time
694885b97f51dbf3f9f5da51,67f0440c8c9c5d41005a7beb,AWAITING REVIEW,Not Applicable,2025-12-21T23:45:27.487000Z,2025-12-22T00:20:08.796000Z,,2025-12-22T00:20:09.410280Z,2082.0,CNST1ELE,591,61,Male,White,United States,United States,United States,English,No,Full-Time
694886e277e6fa5bddbd791a,6726175b381af01a5aaef18a,AWAITING REVIEW,Not Applicable,2025-12-21T23:46:46.605000Z,2025-12-22T00:15:47.730000Z,,2025-12-22T00:15:48.093465Z,1742.0,CNST1ELE,572,37,Female,White,United States,United States,United States,English,Yes,Full-Time
6948899e91e1f26a4fe6c2c5,6944bbd7ad3276bb1858ede4,AWAITING REVIEW,Not Applicable,2025-12-21T23:58:30.212000Z,2025-12-22T00:28:02.348000Z,,2025-12-22T00:28:02.735648Z,1773.0,CNST1ELE,8,26,Female,Mixed,United States,United States,United States,English,No,Full-Time
694597157e712c660dab5bb8,6717f0ac88d9f27d9b79af31,RETURNED,Not Applicable,2025-12-19T18:19:07.468000Z,,,,,,1230,CONSENT_REVOKED,CONSENT_REVOKED,CONSENT_REVOKED,CONSENT_REVOKED,CONSENT_REVOKED,CONSENT_REVOKED,CONSENT_REVOKED,CONSENT_REVOKED,CONSENT_REVOKED
69459b8ce4a7de7fab7385fd,675b6bf5887bccb7fad6c44d,RETURNED,Not Applicable,2025-12-19T18:38:09.955000Z,,,,,,1476,CONSENT_REVOKED,CONSENT_REVOKED,CONSENT_REVOKED,CONSENT_REVOKED,CONSENT_REVOKED,CONSENT_REVOKED,CONSENT_REVOKED,CONSENT_REVOKED,CONSENT_REVOKED
69459f17996ac12ab49e3c25,6631a2b701c17d0145e75936,RETURNED,Not Applicable,2025-12-19T18:53:16.336000Z,,,,,,1279,CONSENT_REVOKED,CONSENT_REVOKED,CONSENT_REVOKED,CONSENT_REVOKED,CONSENT_REVOKED,CONSENT_REVOKED,CONSENT_REVOKED,CONSENT_REVOKED,CONSENT_REVOKED
6945a2f4d292fd624a45ab39,67a67d69cadaa10c63c83485,RETURNED,Not Applicable,2025-12-19T19:09:57.906000Z,,,,,,1080,CONSENT_REVOKED,CONSENT_REVOKED,CONSENT_REVOKED,CONSENT_REVOKED,CONSENT_REVOKED,CONSENT_REVOKED,CONSENT_REVOKED,CONSENT_REVOKED,CONSENT_REVOKED
6945a4936f4ed8a28cc7e7db,669f0372343e26023ee5c023,RETURNED,Not Applicable,2025-12-19T19:18:38.726000Z,,,,,,1689,CONSENT_REVOKED,CONSENT_REVOKED,CONSENT_REVOKED,CONSENT_REVOKED,CONSENT_REVOKED,CONSENT_REVOKED,CONSENT_REVOKED,CONSENT_REVOKED,CONSENT_REVOKED
6945a559cc9237b80d2f2953,665e0d4039fbf0b54bab1900,RETURNED,Not Applicable,2025-12-19T19:20:06.332000Z,,,,,,1630,CONSENT_REVOKED,CONSENT_REVOKED,CONSENT_REVOKED,CONSENT_REVOKED,CONSENT_REVOKED,CONSENT_REVOKED,CONSENT_REVOKED,CONSENT_REVOKED,CONSENT_REVOKED
6945a7cc2830f653b08a1471,67f32ac5f6a4ce3d9f9c697d,RETURNED,Not Applicable,2025-12-19T19:30:27.286000Z,,,,,,1772,CONSENT_REVOKED,CONSENT_REVOKED,CONSENT_REVOKED,CONSENT_REVOKED,CONSENT_REVOKED,CONSENT_REVOKED,CONSENT_REVOKED,CONSENT_REVOKED,CONSENT_REVOKED
6945a7fce6998e275dcdbb28,5c1aef734fe6f40001968e3c,RETURNED,Not Applicable,2025-12-19T19:31:12.052000Z,,,,,,1447,CONSENT_REVOKED,CONSENT_REVOKED,CONSENT_REVOKED,CONSENT_REVOKED,CONSENT_REVOKED,CONSENT_REVOKED,CONSENT_REVOKED,CONSENT_REVOKED,CONSENT_REVOKED
6945aa2f36f1e7a9ad2e6753,6630fd6fc70f45525e94c657,RETURNED,Not Applicable,2025-12-19T19:40:37.741000Z,,,,,,1509,CONSENT_REVOKED,CONSENT_REVOKED,CONSENT_REVOKED,CONSENT_REVOKED,CONSENT_REVOKED,CONSENT_REVOKED,CONSENT_REVOKED,CONSENT_REVOKED,CONSENT_REVOKED
6945aaf3fd1ca4577940a926,677489184e54abf6ee83d704,RETURNED,Not Applicable,,,,,,,1345,CONSENT_REVOKED,CONSENT_REVOKED,CONSENT_REVOKED,CONSENT_REVOKED,CONSENT_REVOKED,CONSENT_REVOKED,CONSENT_REVOKED,CONSENT_REVOKED,CONSENT_REVOKED
6945b004964a8015ec54ec1f,67854ba4bab6fc4b80eba268,RETURNED,Not Applicable,2025-12-19T20:05:37.078000Z,,,,,,1242,CONSENT_REVOKED,CONSENT_REVOKED,CONSENT_REVOKED,CONSENT_REVOKED,CONSENT_REVOKED,CONSENT_REVOKED,CONSENT_REVOKED,CONSENT_REVOKED,CONSENT_REVOKED
6945f318d994f8a1a8c5ed1c,659ab33c0a427599bec1b554,RETURNED,Not Applicable,2025-12-20T00:51:41.362000Z,,,,,,749,CONSENT_REVOKED,CONSENT_REVOKED,CONSENT_REVOKED,CONSENT_REVOKED,CONSENT_REVOKED,CONSENT_REVOKED,CONSENT_REVOKED,CONSENT_REVOKED,CONSENT_REVOKED
6945f8872db159423126b972,664d8066db4407ac502a5979,TIMED-OUT,Not Applicable,2025-12-20T01:14:54.187000Z,,,,322090.0,,1711,40,Male,White,United States,United States,United States,English,Yes,Full-Time
6945fa86af16ffc1fbce0139,694166d8fbba9fe839ce462d,RETURNED,Not Applicable,,,,,,,32,CONSENT_REVOKED,CONSENT_REVOKED,CONSENT_REVOKED,CONSENT_REVOKED,CONSENT_REVOKED,CONSENT_REVOKED,CONSENT_REVOKED,CONSENT_REVOKED,CONSENT_REVOKED
69460836428184698f879d8b,660a807bfd49ee4957fad189,RETURNED,Not Applicable,2025-12-20T02:21:48.606000Z,,,,,,289,CONSENT_REVOKED,CONSENT_REVOKED,CONSENT_REVOKED,CONSENT_REVOKED,CONSENT_REVOKED,CONSENT_REVOKED,CONSENT_REVOKED,CONSENT_REVOKED,CONSENT_REVOKED
69460f862767f6e0dcbd6571,5d3700db048a4f001767b040,RETURNED,Not Applicable,2025-12-20T02:53:09.953000Z,,,,,,1502,CONSENT_REVOKED,CONSENT_REVOKED,CONSENT_REVOKED,CONSENT_REVOKED,CONSENT_REVOKED,CONSENT_REVOKED,CONSENT_REVOKED,CONSENT_REVOKED,CONSENT_REVOKED
69461c9727847cd034acf622,6669a9dd31aed01f0969b063,RETURNED,Not Applicable,2025-12-20T03:48:43.575000Z,,,,,,1623,CONSENT_REVOKED,CONSENT_REVOKED,CONSENT_REVOKED,CONSENT_REVOKED,CONSENT_REVOKED,CONSENT_REVOKED,CONSENT_REVOKED,CONSENT_REVOKED,CONSENT_REVOKED
6946449f633e484c488d4a0f,6704210322d878316ffc5b43,RETURNED,Not Applicable,2025-12-20T06:39:31.357000Z,,,,,,879,CONSENT_REVOKED,CONSENT_REVOKED,CONSENT_REVOKED,CONSENT_REVOKED,CONSENT_REVOKED,CONSENT_REVOKED,CONSENT_REVOKED,CONSENT_REVOKED,CONSENT_REVOKED
694675f48a2d98dc781b248c,66611f308ccb44ab7f21984e,RETURNED,Not Applicable,2025-12-20T10:19:14.353000Z,,,,,,887,CONSENT_REVOKED,CONSENT_REVOKED,CONSENT_REVOKED,CONSENT_REVOKED,CONSENT_REVOKED,CONSENT_REVOKED,CONSENT_REVOKED,CONSENT_REVOKED,CONSENT_REVOKED
6946b0d75a57f3abcf937c21,674c6b54b3b66e7b924615c1,RETURNED,Not Applicable,2025-12-20T14:21:17.690000Z,,,,,,1657,CONSENT_REVOKED,CONSENT_REVOKED,CONSENT_REVOKED,CONSENT_REVOKED,CONSENT_REVOKED,CONSENT_REVOKED,CONSENT_REVOKED,CONSENT_REVOKED,CONSENT_REVOKED
6946f1e82efda3ee4f414ef8,694379e0e3296fe2c9f107a2,RETURNED,Not Applicable,2025-12-20T18:58:52.616000Z,,,,,,20,CONSENT_REVOKED,CONSENT_REVOKED,CONSENT_REVOKED,CONSENT_REVOKED,CONSENT_REVOKED,CONSENT_REVOKED,CONSENT_REVOKED,CONSENT_REVOKED,CONSENT_REVOKED
6947030074f85f60a2553d3f,67a796cd3ddc2ecc4a26fa35,TIMED-OUT,Not Applicable,2025-12-20T20:12:04.093000Z,,,,253860.0,,1927,36,Female,White,United States,United States,United States,English,No,Full-Time
694725ede0178ec882d3c45f,6941fac7d3ac0b304fd5e471,RETURNED,Not Applicable,,,,,,,21,CONSENT_REVOKED,CONSENT_REVOKED,CONSENT_REVOKED,CONSENT_REVOKED,CONSENT_REVOKED,CONSENT_REVOKED,CONSENT_REVOKED,CONSENT_REVOKED,CONSENT_REVOKED
694732ab6086402f3c123f82,655fa05b1303f59972ea6555,RETURNED,Not Applicable,2025-12-20T23:35:11.163000Z,,,,,,1935,CONSENT_REVOKED,CONSENT_REVOKED,CONSENT_REVOKED,CONSENT_REVOKED,CONSENT_REVOKED,CONSENT_REVOKED,CONSENT_REVOKED,CONSENT_REVOKED,CONSENT_REVOKED
69475a16503d0151663e26e1,66c11321ae1d0bcbf45195dd,RETURNED,Not Applicable,2025-12-21T02:23:28.689000Z,,,,,,552,CONSENT_REVOKED,CONSENT_REVOKED,CONSENT_REVOKED,CONSENT_REVOKED,CONSENT_REVOKED,CONSENT_REVOKED,CONSENT_REVOKED,CONSENT_REVOKED,CONSENT_REVOKED
69480527013883bd3bc70f08,66f034b07338544321550b8f,RETURNED,Not Applicable,2025-12-21T14:33:18.837000Z,,,,,,450,CONSENT_REVOKED,CONSENT_REVOKED,CONSENT_REVOKED,CONSENT_REVOKED,CONSENT_REVOKED,CONSENT_REVOKED,CONSENT_REVOKED,CONSENT_REVOKED,CONSENT_REVOKED
694806eb7412fa662f118f99,678712caf70562b83286c6e3,RETURNED,Not Applicable,2025-12-21T14:40:51.941000Z,,,,,,1734,CONSENT_REVOKED,CONSENT_REVOKED,CONSENT_REVOKED,CONSENT_REVOKED,CONSENT_REVOKED,CONSENT_REVOKED,CONSENT_REVOKED,CONSENT_REVOKED,CONSENT_REVOKED
694819d8ef1a122f551cb2e8,66439d24bf5f2505d7929c12,RETURNED,Not Applicable,2025-12-21T16:01:31.499000Z,,,,,,966,CONSENT_REVOKED,CONSENT_REVOKED,CONSENT_REVOKED,CONSENT_REVOKED,CONSENT_REVOKED,CONSENT_REVOKED,CONSENT_REVOKED,CONSENT_REVOKED,CONSENT_REVOKED
694829c8e23c752017d470da,6947c5c8b87439db043797d5,RETURNED,Not Applicable,2025-12-21T17:09:33.831000Z,,,,,,36,CONSENT_REVOKED,CONSENT_REVOKED,CONSENT_REVOKED,CONSENT_REVOKED,CONSENT_REVOKED,CONSENT_REVOKED,CONSENT_REVOKED,CONSENT_REVOKED,CONSENT_REVOKED
694856698f857b4901ace5d4,673a596bdb0ad1f5359cf64b,RETURNED,Not Applicable,2025-12-21T20:19:59.915000Z,,,,,,609,CONSENT_REVOKED,CONSENT_REVOKED,CONSENT_REVOKED,CONSENT_REVOKED,CONSENT_REVOKED,CONSENT_REVOKED,CONSENT_REVOKED,CONSENT_REVOKED,CONSENT_REVOKED
69486c5c5f9a9288cba2c9a3,65197da9b39c0df9f861f4a5,RETURNED,Not Applicable,2025-12-21T21:53:36.964000Z,,,,,,932,CONSENT_REVOKED,CONSENT_REVOKED,CONSENT_REVOKED,CONSENT_REVOKED,CONSENT_REVOKED,CONSENT_REVOKED,CONSENT_REVOKED,CONSENT_REVOKED,CONSENT_REVOKED
6948797f094d2c2a7d1613a7,62dc4a5fef307ee53c61afcc,RETURNED,Not Applicable,2025-12-21T22:49:42.740000Z,,,,,,1401,CONSENT_REVOKED,CONSENT_REVOKED,CONSENT_REVOKED,CONSENT_REVOKED,CONSENT_REVOKED,CONSENT_REVOKED,CONSENT_REVOKED,CONSENT_REVOKED,CONSENT_REVOKED
